node1,node2,weight,label,PA,LP_w,PA_w,L3_w,L3,LP,SP,SP_w
804,2173108,5.0,1,3128,375.0,64176.0,0.43670075396723973,0.016385077052361197,3,1.0,0.2
953479,2677095,0.0,0,9,0.0,64.0,0.0,0.0,0,7.0,1.5333333333333332
862536,2579770,0.0,0,9,0.0,225.0,0.0,0.0,0,7.0,1.4
2080738,3081238,0.0,0,30,0.0,675.0,0.0,0.0,0,inf,inf
883891,2463619,0.0,0,28,125.0,396.0,0.5352889545969872,0.019920476822239894,1,3.0,0.6000000000000001
1710549,2486357,0.0,0,27,0.0,525.0,0.0,0.0,0,7.0,1.7499999999999998
3682,2259744,5.0,1,72,125.0,1740.0,0.5846997491056721,0.021989974856677124,1,1.0,0.2
2946,2238518,3.0,1,203,272.0,2943.0,0.808570422808226,0.05370411565050978,4,1.0,0.3333333333333333
14630,2469660,5.0,1,48,0.0,888.0,0.0,0.0,0,1.0,0.2
227290,2443556,0.0,0,40,0.0,552.0,0.0,0.0,0,5.0,1.2999999999999998
25149,2608089,2.0,1,894,48.0,11990.0,0.22384008607399097,0.01860807318911967,1,1.0,0.5
120802,2872296,0.0,0,15,0.0,286.0,0.0,0.0,0,11.0,3.4833333333333343
3848,2263004,4.0,1,9920,0.0,180250.0,0.0,0.0,0,1.0,0.25
72991,2991880,0.0,0,20,0.0,322.0,0.0,0.0,0,5.0,1.4833333333333332
1891309,2964021,0.0,0,9,0.0,180.0,0.0,0.0,0,inf,inf
78223,2622758,0.0,0,9,0.0,72.0,0.0,0.0,0,5.0,1.6333333333333333
1659855,3050500,0.0,0,36,0.0,660.0,0.0,0.0,0,inf,inf
7995,2352768,5.0,1,60,0.0,936.0,0.0,0.0,0,1.0,0.2
2623,2229114,4.0,1,13991,20211.0,248472.0,24.262708727260037,1.32343473578826,258,1.0,0.25
9997,2388247,4.0,1,658,144.0,12348.0,0.915477686333249,0.05279667514066827,2,1.0,0.25
367458,2228004,0.0,0,108,0.0,1496.0,0.0,0.0,0,5.0,1.1
1830566,2994424,0.0,0,60,0.0,1475.0,0.0,0.0,0,7.0,1.4
22801,2583529,5.0,1,294,605.0,5175.0,2.9410052255388104,0.12116543006508486,6,1.0,0.2
51060,2244674,0.0,0,92,0.0,1164.0,0.0,0.0,0,5.0,1.0
163,2151378,5.0,1,33768,43312.0,771071.0,110.29352157845018,4.664626797087624,426,1.0,0.2
22443,2590500,0.0,0,84,0.0,1778.0,0.0,0.0,0,5.0,1.05
1676861,2350353,0.0,0,20,0.0,432.0,0.0,0.0,0,5.0,1.0
25090,2521967,0.0,0,378,0.0,6942.0,0.0,0.0,0,5.0,1.0
11701,2421764,1.0,1,147,0.0,2400.0,0.0,0.0,0,1.0,1.0
1345378,2359861,0.0,0,12,0.0,220.0,0.0,0.0,0,7.0,1.4
33975,2310075,0.0,0,40,0.0,897.0,0.0,0.0,0,5.0,1.05
15931,2488397,4.0,1,13549,230.0,233700.0,0.6461156843758737,0.04290648590209321,4,1.0,0.25
71511,2338847,0.0,0,15,0.0,260.0,0.0,0.0,0,5.0,1.0
6591,2321923,2.0,1,405,105.0,3990.0,0.42361970176898667,0.023283687003497294,2,1.0,0.5
74311,2253391,0.0,0,48,0.0,689.0,0.0,0.0,0,5.0,1.4
109791,2180122,0.0,0,66,0.0,882.0,0.0,0.0,0,5.0,1.05
479692,2275246,0.0,0,108,0.0,987.0,0.0,0.0,0,5.0,1.0
20898,2556133,5.0,1,41230,38036.0,771440.0,167.16164296309802,10.413914640922005,610,1.0,0.2
8751,2367515,5.0,1,287,0.0,4368.0,0.0,0.0,0,1.0,0.2
5906,2309002,4.0,1,682,0.0,11186.0,0.0,0.0,0,1.0,0.25
136942,2919081,5.0,1,45,0.0,1125.0,0.0,0.0,0,1.0,0.2
7533,2341935,4.0,1,3537,1253.0,49860.0,11.185689099996036,0.8112179076363769,23,1.0,0.25
11568,2419892,5.0,1,168,0.0,3330.0,0.0,0.0,0,1.0,0.2
1436377,3040377,0.0,0,12,0.0,225.0,0.0,0.0,0,7.0,1.5833333333333333
4085,2271954,5.0,1,704,450.0,15192.0,2.549172813329447,0.13218353048831322,5,1.0,0.2
5467,2225486,0.0,0,32,0.0,640.0,0.0,0.0,0,7.0,1.7999999999999998
2750,2233472,5.0,1,368,0.0,8840.0,0.0,0.0,0,1.0,0.2
13570,2455113,3.0,1,752,0.0,11235.0,0.0,0.0,0,1.0,0.3333333333333333
1230937,2566573,0.0,0,18,0.0,390.0,0.0,0.0,0,5.0,1.05
542,2163386,5.0,1,570,250.0,13468.0,0.2806144556269714,0.0102620044618556,2,1.0,0.2
1208,2188572,5.0,1,6040,1184.0,109554.0,2.050855493854441,0.09465512901547854,13,1.0,0.2
813398,2186217,0.0,0,252,0.0,4842.0,0.0,0.0,0,5.0,1.0
778,2172319,5.0,1,49,75.0,945.0,1.4204137857723191,0.0890870806374748,1,1.0,0.2
775,2172221,5.0,1,220,0.0,5260.0,0.0,0.0,0,1.0,0.2
9391,2379147,5.0,1,120,0.0,2520.0,0.0,0.0,0,1.0,0.2
6416,2319100,5.0,1,35,0.0,713.0,0.0,0.0,0,1.0,0.2
46221,2464459,0.0,0,20,0.0,420.0,0.0,0.0,0,7.0,1.4
38136,2333346,0.0,0,28,0.0,680.0,0.0,0.0,0,5.0,1.0
17214,2508256,4.0,1,306,80.0,3771.0,0.5464603257736498,0.028513297425610054,1,1.0,0.25
4819,2287454,5.0,1,4550,300.0,76908.0,5.1437216821369445,0.1914068386961532,3,1.0,0.2
396377,2219074,0.0,0,18,0.0,300.0,0.0,0.0,0,5.0,1.05
18207,2521323,5.0,1,237,0.0,5685.0,0.0,0.0,0,1.0,0.2
67040,2802667,5.0,1,726,0.0,16365.0,0.0,0.0,0,1.0,0.2
4823,2287541,5.0,1,52,0.0,1197.0,0.0,0.0,0,1.0,0.2
916176,2601616,0.0,0,12,0.0,220.0,0.0,0.0,0,7.0,1.4
27711,2623665,5.0,1,5688,844.0,118750.0,8.04214492255805,0.3955706108511601,9,1.0,0.2
7432,2340111,4.0,1,210,0.0,4182.0,0.0,0.0,0,1.0,0.25
426,2159651,1.0,1,7458,2142.0,110774.0,4.249788132026158,0.25489736155831255,30,1.0,0.6000000000000001
1583643,2967906,0.0,0,12,0.0,100.0,0.0,0.0,0,7.0,2.1999999999999997
18983,2531236,5.0,1,3490,0.0,70032.0,0.0,0.0,0,1.0,0.2
1170419,2592407,0.0,0,12,0.0,112.0,0.0,0.0,0,7.0,1.45
32867,2655160,3.0,1,44,0.0,774.0,0.0,0.0,0,1.0,0.3333333333333333
41972,2703763,4.0,1,315,0.0,5796.0,0.0,0.0,0,1.0,0.25
757570,2329720,0.0,0,91,0.0,1734.0,0.0,0.0,0,5.0,1.0
4951,2290599,4.0,1,7084,177.0,99847.0,0.6498835961164844,0.0723621126670462,5,1.0,0.25
1051372,2639667,0.0,0,9,0.0,42.0,0.0,0.0,0,5.0,1.85
1858218,2324049,0.0,0,48,0.0,1160.0,0.0,0.0,0,5.0,1.0
24450,2219428,0.0,0,225,140.0,4608.0,0.09704243621084781,0.004643209591843224,2,3.0,0.65
18,2146746,5.0,1,558,104.0,9750.0,0.7041570696873333,0.045969828330472084,2,1.0,0.2
25730,2611179,5.0,1,225,280.0,4704.0,0.571018738039221,0.030877510213013486,3,1.0,0.2
12476,2437555,5.0,1,75,0.0,1755.0,0.0,0.0,0,1.0,0.2
141397,2922882,5.0,1,36,0.0,812.0,0.0,0.0,0,1.0,0.2
12935,2443658,4.0,1,470,0.0,10872.0,0.0,0.0,0,1.0,0.25
1021279,2939938,0.0,0,18,0.0,392.0,0.0,0.0,0,7.0,1.6833333333333333
13212,2448914,5.0,1,64,45.0,936.0,0.5110997067272864,0.042409446483998546,1,1.0,0.2
57970,2772313,3.0,1,60,0.0,1116.0,0.0,0.0,0,1.0,0.3333333333333333
1822,2204900,5.0,1,6384,1744.0,127650.0,7.367351528809214,0.3270165383935332,18,1.0,0.2
1587,2198970,4.0,1,31842,11316.0,623084.0,19.750810588247603,1.0456489429945042,146,1.0,0.25
12931,2443504,5.0,1,90,0.0,1200.0,0.0,0.0,0,1.0,0.2
4129,2273038,5.0,1,315,0.0,5850.0,0.0,0.0,0,1.0,0.2
81925,2844619,2.0,1,91,0.0,756.0,0.0,0.0,0,1.0,0.5
40509,2696447,4.0,1,60,0.0,900.0,0.0,0.0,0,1.0,0.25
31871,2758821,0.0,0,96,0.0,1444.0,0.0,0.0,0,5.0,1.15
89275,2969238,0.0,0,15,0.0,275.0,0.0,0.0,0,7.0,2.2500000000000004
27039,2294946,0.0,0,693,0.0,9273.0,0.0,0.0,0,5.0,1.0
4894,2288906,4.0,1,364,602.0,4600.0,0.911597911490043,0.10351057194893436,9,1.0,0.25
22693,2581940,3.0,1,84,0.0,1155.0,0.0,0.0,0,1.0,0.3333333333333333
1739830,2763374,0.0,0,27,0.0,330.0,0.0,0.0,0,7.0,1.45
4641,2284429,5.0,1,112,0.0,1984.0,0.0,0.0,0,1.0,0.2
30764,2732785,0.0,0,240,0.0,5100.0,0.0,0.0,0,5.0,1.0
55942,2181291,0.0,0,105,0.0,2295.0,0.0,0.0,0,7.0,1.4
96222,2164970,0.0,0,165,0.0,2563.0,0.0,0.0,0,5.0,1.3166666666666667
195141,2289905,0.0,0,45,0.0,896.0,0.0,0.0,0,7.0,1.4
20881,2554443,5.0,1,249,0.0,4900.0,0.0,0.0,0,1.0,0.2
369121,3128424,0.0,0,15,0.0,375.0,0.0,0.0,0,inf,inf
1707678,2199421,0.0,0,81,0.0,1133.0,0.0,0.0,0,5.0,1.0
8220,2355571,5.0,1,477,0.0,10350.0,0.0,0.0,0,1.0,0.2
115093,2717915,0.0,0,9,0.0,182.0,0.0,0.0,0,7.0,1.4
186908,2950132,5.0,1,20,0.0,500.0,0.0,0.0,0,1.0,0.2
223304,2608094,0.0,0,16,0.0,240.0,0.0,0.0,0,5.0,1.05
1207722,2584925,0.0,0,9,0.0,154.0,0.0,0.0,0,5.0,1.1
13769,2458265,5.0,1,190,125.0,4250.0,1.2510012016022432,0.047565149415449405,1,1.0,0.2
7703,2346327,4.0,1,114,0.0,1820.0,0.0,0.0,0,1.0,0.25
464246,2489202,0.0,0,24,0.0,342.0,0.0,0.0,0,7.0,2.25
92922,2453099,0.0,0,28,0.0,464.0,0.0,0.0,0,5.0,1.1333333333333333
19090,2533158,1.0,1,980,0.0,7398.0,0.0,0.0,0,1.0,1.0
72202,2819187,2.0,1,1512,0.0,23268.0,0.0,0.0,0,1.0,0.5
143356,2451155,0.0,0,16,0.0,320.0,0.0,0.0,0,5.0,1.0
10343,2393181,4.0,1,1316,100.0,25878.0,2.1128856368212916,0.10425720702853739,1,1.0,0.25
1317782,2364550,0.0,0,18,0.0,450.0,0.0,0.0,0,5.0,1.0
2040507,2348009,0.0,0,120,200.0,2184.0,0.15473643197809683,0.007540616021867701,2,3.0,0.6000000000000001
905441,3033780,0.0,0,18,0.0,250.0,0.0,0.0,0,7.0,1.45
40656,2563289,0.0,0,102,0.0,2160.0,0.0,0.0,0,5.0,1.0
998521,2199952,0.0,0,324,250.0,7239.0,0.619479044786063,0.02167188697955356,2,3.0,0.6000000000000001
1337388,2630252,0.0,0,12,0.0,228.0,0.0,0.0,0,5.0,1.1833333333333333
4247,2275674,4.0,1,588,649.0,11460.0,1.0635985787780255,0.050373801350993175,7,1.0,0.25
627341,2202562,0.0,0,147,25.0,2700.0,0.02269024844565428,0.00237563872436903,1,3.0,1.0
3994,2267173,2.0,1,868,0.0,11010.0,0.0,0.0,0,1.0,0.5
45762,2525486,0.0,0,75,0.0,760.0,0.0,0.0,0,7.0,1.4
15150,2477120,3.0,1,3630,9774.0,57564.0,34.3020794721992,2.0900854226633174,142,1.0,0.3333333333333333
50573,2747887,5.0,1,50,0.0,1200.0,0.0,0.0,0,1.0,0.2
97299,2508378,0.0,0,16,0.0,285.0,0.0,0.0,0,5.0,1.05
1148,2186301,3.0,1,1224,955.0,16443.0,1.852777261812607,0.16528495634442256,20,1.0,0.3333333333333333
8259,2356378,5.0,1,48,0.0,705.0,0.0,0.0,0,1.0,0.2
43938,2240767,0.0,0,156,0.0,2544.0,0.0,0.0,0,5.0,1.0
4480,2281227,3.0,1,39,0.0,486.0,0.0,0.0,0,1.0,0.3333333333333333
232500,2980967,5.0,1,16,0.0,320.0,0.0,0.0,0,1.0,0.2
1714,2201704,3.0,1,3068,205.0,32384.0,0.18622988110909164,0.011836725432165657,3,1.0,0.3333333333333333
14933,2473648,4.0,1,882,500.0,15574.0,5.7420361705863066,0.35087550882747126,5,1.0,0.25
46637,2246337,0.0,0,207,300.0,4264.0,0.18257165299273853,0.007511199887856425,3,3.0,0.65
10662,2398862,4.0,1,52542,36708.0,1035558.0,122.56444399985418,6.565374847367941,475,1.0,0.25
129595,2494006,0.0,0,16,0.0,272.0,0.0,0.0,0,7.0,1.4
388,2158403,5.0,1,522,100.0,9308.0,0.1904834471266865,0.008572408331227329,1,1.0,0.2
610274,2272610,0.0,0,114,0.0,2370.0,0.0,0.0,0,5.0,1.0999999999999999
217300,3000080,0.0,0,50,0.0,1200.0,0.0,0.0,0,5.0,1.0
1682492,2326631,0.0,0,182,0.0,2225.0,0.0,0.0,0,5.0,1.0
213800,2474548,0.0,0,15,0.0,360.0,0.0,0.0,0,5.0,1.05
2107340,2320070,0.0,0,84,0.0,1722.0,0.0,0.0,0,5.0,1.05
222654,2168006,0.0,0,12,0.0,240.0,0.0,0.0,0,inf,inf
20246,2546973,5.0,1,630,80.0,10728.0,0.7859774918918593,0.040422604172722164,1,1.0,0.2
10561,2396589,5.0,1,2508,100.0,53100.0,1.7010345435994292,0.07216878364870323,1,1.0,0.2
12872,2442898,5.0,1,12506,18.0,219700.0,0.038135935579815074,0.007891158215445586,1,1.0,0.2
5067,2293485,5.0,1,748,244.0,13392.0,1.0203633532207195,0.04865042038564355,3,1.0,0.2
11918,2427190,4.0,1,55,0.0,1007.0,0.0,0.0,0,1.0,0.25
50621,2748095,5.0,1,5208,335.0,108128.0,2.785999731510735,0.13121740877648513,4,1.0,0.2
32844,2516884,0.0,0,15,0.0,360.0,0.0,0.0,0,7.0,1.5333333333333332
3628,2257190,5.0,1,33810,1858.0,595595.0,11.885818489954177,0.5523569777156602,20,1.0,0.2
12003,2428275,3.0,1,216,0.0,2240.0,0.0,0.0,0,1.0,0.3333333333333333
688,2169601,1.0,1,2898,72.0,41322.0,0.7161413276278332,0.08640378095021595,2,1.0,0.8666666666666667
27410,2621603,5.0,1,273,0.0,4563.0,0.0,0.0,0,1.0,0.2
103798,3027335,0.0,0,160,0.0,2068.0,0.0,0.0,0,7.0,1.5833333333333333
38821,2307191,0.0,0,32,0.0,720.0,0.0,0.0,0,5.0,1.05
15800,2485949,4.0,1,210,0.0,3886.0,0.0,0.0,0,1.0,0.25
595,2165964,5.0,1,10218,7562.0,206886.0,9.119850037875127,0.5238370014921122,110,1.0,0.2
422837,2371907,0.0,0,60,0.0,1272.0,0.0,0.0,0,5.0,1.0
7582,2342671,3.0,1,520,16.0,8568.0,0.004953949517496422,0.001186918746867379,1,1.0,0.3333333333333333
23339,2589849,4.0,1,489,100.0,8268.0,0.3336003204272649,0.015253404749263623,1,1.0,0.25
630177,2903587,0.0,0,9,0.0,180.0,0.0,0.0,0,7.0,1.5333333333333332
186251,2279777,0.0,0,28,0.0,570.0,0.0,0.0,0,5.0,1.0
6182,2314343,4.0,1,111,0.0,2366.0,0.0,0.0,0,1.0,0.25
218,2153212,5.0,1,95810,3127.0,1384716.0,6.6022864869364914,0.502645575057382,60,1.0,0.2
1705605,2187297,0.0,0,24,0.0,90.0,0.0,0.0,0,7.0,2.1999999999999997
242438,2574875,0.0,0,12,0.0,225.0,0.0,0.0,0,7.0,1.45
24819,2605903,5.0,1,330,0.0,6594.0,0.0,0.0,0,1.0,0.2
2937,2238390,1.0,1,560,0.0,5200.0,0.0,0.0,0,1.0,1.0
226849,3009512,0.0,0,21,0.0,390.0,0.0,0.0,0,inf,inf
36183,2674873,4.0,1,4584,200.0,88943.0,9.868637767479584,0.4553418012614796,2,1.0,0.25
6666,2325623,5.0,1,306,0.0,4900.0,0.0,0.0,0,1.0,0.2
28927,2630689,5.0,1,3882,0.0,73437.0,0.0,0.0,0,1.0,0.2
27931,2309889,0.0,0,18,0.0,336.0,0.0,0.0,0,7.0,1.4
429165,2243834,0.0,0,15,0.0,242.0,0.0,0.0,0,5.0,1.2333333333333334
90701,2585248,0.0,0,35,0.0,850.0,0.0,0.0,0,7.0,1.4
4709,2285762,5.0,1,32,0.0,630.0,0.0,0.0,0,1.0,0.2
361216,2351775,0.0,0,21,0.0,385.0,0.0,0.0,0,5.0,1.05
47657,2736100,5.0,1,402,125.0,9690.0,0.8589696016174319,0.032009219983223994,1,1.0,0.2
45121,2477606,0.0,0,108,0.0,1596.0,0.0,0.0,0,5.0,1.0
18998,2531759,5.0,1,606,0.0,11172.0,0.0,0.0,0,1.0,0.2
1282989,2789932,0.0,0,12,0.0,228.0,0.0,0.0,0,5.0,1.15
2408,2224818,5.0,1,72,125.0,1720.0,0.19558007767708727,0.007498687844430792,1,1.0,0.2
98246,2887305,3.0,1,18,0.0,260.0,0.0,0.0,0,1.0,0.3333333333333333
10876,2409982,4.0,1,1034,36.0,14760.0,0.020795009796401455,0.0019851119069893945,1,1.0,0.25
1570775,2511313,0.0,0,33,0.0,750.0,0.0,0.0,0,9.0,2.45
2448,2225509,5.0,1,77,0.0,1643.0,0.0,0.0,0,1.0,0.2
623229,2328961,0.0,0,42,0.0,510.0,0.0,0.0,0,5.0,1.1333333333333333
55859,2764980,5.0,1,24,0.0,420.0,0.0,0.0,0,1.0,0.2
1756014,2311573,0.0,0,65,0.0,1150.0,0.0,0.0,0,5.0,1.0
1607,2199659,5.0,1,1632,205.0,28287.0,3.3339519853207547,0.13406098428674135,2,1.0,0.2
28001,2625304,4.0,1,392,889.0,7080.0,5.915989977351013,0.32814634562937595,12,1.0,0.25
8510,2363337,5.0,1,469,125.0,10268.0,0.43752318934356904,0.016552117772047358,1,1.0,0.2
31976,2524671,0.0,0,35,0.0,725.0,0.0,0.0,0,5.0,1.0
39877,2528866,0.0,0,42,0.0,520.0,0.0,0.0,0,5.0,1.2333333333333332
45991,2282834,0.0,0,70,0.0,1333.0,0.0,0.0,0,5.0,1.0
98327,2887477,5.0,1,57,0.0,1365.0,0.0,0.0,0,1.0,0.2
382667,2705936,0.0,0,35,0.0,660.0,0.0,0.0,0,7.0,1.4
81404,2843008,5.0,1,128,0.0,2603.0,0.0,0.0,0,1.0,0.2
39769,2572643,0.0,0,54,0.0,812.0,0.0,0.0,0,7.0,1.45
1447770,2171159,0.0,0,440,0.0,7238.0,0.0,0.0,0,5.0,1.0
1114883,2193696,0.0,0,126,0.0,2280.0,0.0,0.0,0,5.0,1.0
422747,2213291,0.0,0,35,0.0,640.0,0.0,0.0,0,5.0,1.2
85113,2854101,4.0,1,220,200.0,4368.0,3.1115395004390622,0.14071935576234545,2,1.0,0.25
10112,2389943,4.0,1,1012,1.0,13884.0,0.0012530374024033533,0.004206733807795834,1,1.0,0.25
487765,2466048,0.0,0,98,0.0,1943.0,0.0,0.0,0,5.0,1.05
20418,2549171,5.0,1,162,139.0,3075.0,0.3502052914575333,0.018787168742146147,2,1.0,0.2
5289,2297243,4.0,1,3268,0.0,61008.0,0.0,0.0,0,1.0,0.25
91126,2868989,1.0,1,12,0.0,20.0,0.0,0.0,0,1.0,1.0
752922,3309817,0.0,0,12,0.0,240.0,0.0,0.0,0,inf,inf
740,2171378,5.0,1,264,0.0,4704.0,0.0,0.0,0,1.0,0.2
76678,2572003,0.0,0,12,0.0,114.0,0.0,0.0,0,7.0,1.45
90586,2204098,0.0,0,432,0.0,5290.0,0.0,0.0,0,5.0,1.0
1143267,2314076,0.0,0,84,25.0,1716.0,0.007103229604272434,0.0012163479092215477,1,3.0,1.05
128484,2583075,0.0,0,12,0.0,225.0,0.0,0.0,0,5.0,1.05
1174101,2413536,0.0,0,12,0.0,225.0,0.0,0.0,0,5.0,1.0
31402,2273893,0.0,0,77,0.0,1836.0,0.0,0.0,0,5.0,1.0
355594,2233781,0.0,0,40,0.0,546.0,0.0,0.0,0,5.0,1.05
98153,2427253,0.0,0,16,0.0,380.0,0.0,0.0,0,5.0,1.0
1833034,2316138,0.0,0,15,0.0,247.0,0.0,0.0,0,5.0,1.05
6672,2325724,4.0,1,50,0.0,330.0,0.0,0.0,0,1.0,0.25
66602,2751916,0.0,0,12,0.0,260.0,0.0,0.0,0,5.0,1.0
6765,2326892,4.0,1,558,43.0,4815.0,0.20227929781084208,0.0717637932318391,4,1.0,0.25
106403,2630640,0.0,0,21,0.0,480.0,0.0,0.0,0,5.0,1.1
53099,2357584,0.0,0,32,0.0,576.0,0.0,0.0,0,5.0,1.05
386968,2762342,0.0,0,30,0.0,696.0,0.0,0.0,0,7.0,1.5833333333333333
13694,2741218,0.0,0,112,0.0,2232.0,0.0,0.0,0,5.0,1.05
1790579,2567629,0.0,0,32,0.0,630.0,0.0,0.0,0,5.0,1.0
4422,2279234,5.0,1,189,125.0,4590.0,0.7306568998248899,0.026650089544451302,1,1.0,0.2
84583,2212375,0.0,0,40,0.0,864.0,0.0,0.0,0,5.0,1.0
264174,3020772,0.0,0,12,0.0,225.0,0.0,0.0,0,7.0,1.45
3444,2251288,2.0,1,96,0.0,1665.0,0.0,0.0,0,1.0,0.5
61060,2782669,5.0,1,195,375.0,4662.0,7.913145917839021,0.3121240264216962,3,1.0,0.2
11821,2424497,5.0,1,7176,0.0,134205.0,0.0,0.0,0,1.0,0.2
11420,2554930,0.0,0,36,0.0,870.0,0.0,0.0,0,5.0,1.0
1661,2200675,5.0,1,66,140.0,840.0,0.30117287249418717,0.015606068257903827,2,1.0,0.2
54591,2760770,4.0,1,2529,0.0,50428.0,0.0,0.0,0,1.0,0.25
126194,2419835,0.0,0,54,0.0,672.0,0.0,0.0,0,7.0,1.45
15813,2486082,4.0,1,2270,250.0,50232.0,0.2552981158527364,0.009139139568356332,2,1.0,0.25
9586,2382752,2.0,1,610,100.0,7277.0,1.134314814232331,0.0545544725589981,1,1.0,0.5
173997,2303238,0.0,0,12,0.0,198.0,0.0,0.0,0,7.0,1.45
1189009,2887717,0.0,0,21,0.0,325.0,0.0,0.0,0,5.0,1.1
1225714,2233692,0.0,0,81,0.0,735.0,0.0,0.0,0,5.0,1.1333333333333333
38154,2157576,0.0,0,30,0.0,667.0,0.0,0.0,0,7.0,1.4
1021575,2299907,0.0,0,9,0.0,108.0,0.0,0.0,0,5.0,1.2333333333333334
199923,2633402,0.0,0,15,0.0,138.0,0.0,0.0,0,5.0,1.3
7361,2338627,3.0,1,1593,45.0,21140.0,0.0718296496801683,0.00638056733039633,1,1.0,0.3333333333333333
91742,2425365,0.0,0,30,100.0,630.0,0.039213144512917596,0.0016817533278499456,1,3.0,0.65
30,2147173,5.0,1,15652,3855.0,271652.0,14.682182475248558,0.6768314725297232,45,1.0,0.2
47594,2735907,3.0,1,498,0.0,7560.0,0.0,0.0,0,1.0,0.3333333333333333
102090,2788694,0.0,0,49,0.0,930.0,0.0,0.0,0,5.0,1.4
20217,2344035,0.0,0,78,0.0,1534.0,0.0,0.0,0,5.0,1.05
2161,2539902,0.0,0,42,0.0,812.0,0.0,0.0,0,5.0,1.0
2756,2233584,4.0,1,24,0.0,396.0,0.0,0.0,0,1.0,0.25
2760,2233659,5.0,1,555,0.0,5402.0,0.0,0.0,0,1.0,0.2
223805,2199695,0.0,0,16,0.0,216.0,0.0,0.0,0,5.0,1.1833333333333331
1219198,2182250,0.0,0,184,0.0,4020.0,0.0,0.0,0,7.0,1.4
8870,2370198,5.0,1,6475,12625.0,161135.0,103.15367932393849,4.05262010528661,101,1.0,0.2
21151,2563697,5.0,1,1360,1055.0,29616.0,5.839224481379463,0.29026079218032586,13,1.0,0.2
369037,2516158,0.0,0,28,0.0,700.0,0.0,0.0,0,5.0,1.0
194362,2540661,0.0,0,16,0.0,400.0,0.0,0.0,0,5.0,1.0
43111,2711713,5.0,1,98,0.0,2016.0,0.0,0.0,0,1.0,0.2
1753267,2670490,0.0,0,30,0.0,378.0,0.0,0.0,0,5.0,1.0
14318,2465855,2.0,1,5670,2615.0,87220.0,19.5736590593576,1.1088600785846254,36,1.0,0.5
18117,2519934,4.0,1,264,180.0,5148.0,0.21832486205810886,0.009587062360592131,2,1.0,0.25
60096,2779863,5.0,1,21,80.0,490.0,7.69800358919501,0.4082482904638631,1,1.0,0.2
154317,2918310,0.0,0,12,0.0,198.0,0.0,0.0,0,7.0,2.3
67873,2175145,0.0,0,88,0.0,1300.0,0.0,0.0,0,5.0,1.1333333333333333
74589,2202509,0.0,0,78,125.0,1890.0,0.06548796169585766,0.002250819799392297,1,3.0,0.6000000000000001
147836,2532088,0.0,0,24,0.0,405.0,0.0,0.0,0,5.0,1.0
58483,2773874,1.0,1,4113,0.0,16143.0,0.0,0.0,0,1.0,1.0
7629,2343982,5.0,1,5540,2075.0,135450.0,10.282894325963763,0.4080809941374166,18,1.0,0.2
97858,2886439,1.0,1,320,0.0,4864.0,0.0,0.0,0,1.0,1.0
179423,3100454,0.0,0,16,0.0,340.0,0.0,0.0,0,inf,inf
104093,2620299,0.0,0,15,0.0,253.0,0.0,0.0,0,5.0,1.0
1306,2191030,5.0,1,512,120.0,8704.0,0.30558898703423565,0.021580802002116754,2,1.0,0.2
137245,2209419,0.0,0,12,0.0,220.0,0.0,0.0,0,5.0,1.1333333333333333
518,2162601,4.0,1,255,490.0,4620.0,1.6387925492436572,0.07764197046628377,5,1.0,0.25
1918858,2214332,0.0,0,15,0.0,231.0,0.0,0.0,0,5.0,1.05
56820,2202411,0.0,0,3810,25.0,58672.0,0.028341064696687176,0.004255935716653377,1,3.0,1.0
347471,2460724,0.0,0,20,0.0,440.0,0.0,0.0,0,5.0,1.4
1813761,2291610,0.0,0,88,100.0,1395.0,0.22401431443440162,0.009823770454017007,1,3.0,0.65
5514,2908539,0.0,0,135,0.0,3034.0,0.0,0.0,0,7.0,1.4
26060,2612850,5.0,1,10127,791.0,172890.0,1.3887309372354515,0.08554369678834613,11,1.0,0.2
85883,2232411,0.0,0,87,0.0,1500.0,0.0,0.0,0,5.0,1.0
75143,3032487,0.0,0,54,0.0,1305.0,0.0,0.0,0,5.0,1.0999999999999999
47464,2735260,3.0,1,25,75.0,322.0,1.3225230297348718,0.07580980435789034,1,1.0,0.3333333333333333
3628,2256234,5.0,1,19320,5820.0,324870.0,13.847827917843148,0.9773360930116736,96,1.0,0.2
77220,3010988,0.0,0,9,0.0,182.0,0.0,0.0,0,inf,inf
2099811,2307079,0.0,0,15,0.0,250.0,0.0,0.0,0,5.0,1.1333333333333333
340,2156625,5.0,1,3538,465.0,72884.0,0.7365376485083405,0.03617476578571233,5,1.0,0.2
1430277,2868087,0.0,0,40,0.0,800.0,0.0,0.0,0,5.0,1.0
225241,2670910,0.0,0,9,0.0,96.0,0.0,0.0,0,5.0,1.4
42237,2705597,3.0,1,8210,4.0,116460.0,0.08104408984731078,0.05892556509887897,1,1.0,0.3333333333333333
24036,2598113,5.0,1,100,0.0,1440.0,0.0,0.0,0,1.0,0.2
2686,2231832,3.0,1,4879,1133.0,93672.0,4.138297054388275,0.2513583111581558,14,1.0,0.3333333333333333
1295419,2203384,0.0,0,65,0.0,1040.0,0.0,0.0,0,5.0,1.05
129286,2911915,4.0,1,24,0.0,448.0,0.0,0.0,0,1.0,0.25
8982,2371687,5.0,1,140,0.0,2596.0,0.0,0.0,0,1.0,0.2
3215,2244170,5.0,1,332,0.0,6631.0,0.0,0.0,0,1.0,0.2
414,2159473,4.0,1,66,0.0,1170.0,0.0,0.0,0,1.0,0.25
443495,2589657,0.0,0,40,0.0,1000.0,0.0,0.0,0,7.0,1.4
33784,2780309,0.0,0,18,0.0,336.0,0.0,0.0,0,7.0,1.4
192832,2954470,5.0,1,55,0.0,1050.0,0.0,0.0,0,1.0,0.2
59882,2779290,5.0,1,273,0.0,5488.0,0.0,0.0,0,1.0,0.2
105975,3099254,0.0,0,12,0.0,255.0,0.0,0.0,0,7.0,1.4
11229,2415449,5.0,1,120,0.0,1980.0,0.0,0.0,0,1.0,0.2
57077,2769316,4.0,1,27,0.0,574.0,0.0,0.0,0,1.0,0.25
127891,3192366,0.0,0,12,0.0,270.0,0.0,0.0,0,7.0,1.4
328,2156348,4.0,1,900,225.0,14413.0,0.517654085469977,0.01474560413203327,2,1.0,0.25
1752980,2163007,0.0,0,147,0.0,1404.0,0.0,0.0,0,5.0,1.5
10978,2412109,5.0,1,36,125.0,870.0,5.828155051501962,0.22360679774997896,1,1.0,0.2
13655,2552065,0.0,0,20,0.0,450.0,0.0,0.0,0,5.0,1.0
87536,2859916,4.0,1,99,27.0,784.0,1.0027618960767826,0.27384716326821457,2,1.0,0.25
13384,2452503,1.0,1,36,0.0,400.0,0.0,0.0,0,1.0,1.0
1668452,2906047,0.0,0,9,0.0,196.0,0.0,0.0,0,7.0,1.4
450432,2413634,0.0,0,12,0.0,255.0,0.0,0.0,0,5.0,1.0
31213,2646537,5.0,1,342,0.0,8010.0,0.0,0.0,0,1.0,0.2
1937,2227420,0.0,0,1812,0.0,31850.0,0.0,0.0,0,5.0,1.0
660,2168728,5.0,1,112,0.0,2196.0,0.0,0.0,0,1.0,0.2
13873,2460456,4.0,1,8352,2325.0,156233.0,12.317581441659973,0.5617655959156063,26,1.0,0.25
8085,2353796,4.0,1,224,0.0,4002.0,0.0,0.0,0,1.0,0.25
1195803,3129139,0.0,0,9,0.0,225.0,0.0,0.0,0,inf,inf
181819,2667781,0.0,0,20,0.0,460.0,0.0,0.0,0,5.0,1.3166666666666667
3596,2254957,3.0,1,5740,2083.0,94072.0,13.820095247853953,0.6884005214852539,24,1.0,0.3333333333333333
4664,2284956,5.0,1,2886,1375.0,66789.0,4.615497820656063,0.23988164650092525,16,1.0,0.2
30760,2643599,5.0,1,1724,0.0,31215.0,0.0,0.0,0,1.0,0.2
2023894,2241364,0.0,0,36,0.0,480.0,0.0,0.0,0,5.0,1.2333333333333332
61754,2468336,0.0,0,24,0.0,408.0,0.0,0.0,0,5.0,1.1
392047,2299695,0.0,0,15,0.0,308.0,0.0,0.0,0,7.0,1.4
10034,2388778,1.0,1,120,0.0,660.0,0.0,0.0,0,1.0,1.0
11783,2422883,5.0,1,56,0.0,1260.0,0.0,0.0,0,1.0,0.2
43530,2713458,5.0,1,165,0.0,3430.0,0.0,0.0,0,1.0,0.2
5742,2306219,5.0,1,252,225.0,5203.0,1.4379644505051121,0.06010531950767382,2,1.0,0.2
1991739,2522090,0.0,0,39,0.0,720.0,0.0,0.0,0,5.0,1.0
29658,2635864,3.0,1,12,0.0,117.0,0.0,0.0,0,1.0,0.3333333333333333
41154,2699920,5.0,1,276,250.0,6075.0,2.0124093440030224,0.07265928980937973,2,1.0,0.2
13851,2460027,1.0,1,40,0.0,323.0,0.0,0.0,0,1.0,1.0
227833,2253445,0.0,0,18,0.0,240.0,0.0,0.0,0,5.0,1.05
90532,2498455,0.0,0,12,0.0,190.0,0.0,0.0,0,5.0,1.1
26570,2638533,0.0,0,72,0.0,1638.0,0.0,0.0,0,5.0,1.0
1508099,2457221,0.0,0,130,0.0,1550.0,0.0,0.0,0,9.0,1.9
946920,3158422,5.0,1,12,0.0,260.0,0.0,0.0,0,1.0,0.2
630,2167721,4.0,1,624,75.0,10535.0,0.24900596027799868,0.014347335194093556,1,1.0,0.25
24234,2600471,5.0,1,2110,240.0,39186.0,0.610443495385418,0.0425070958637901,4,1.0,0.2
6142,2313304,5.0,1,2456,0.0,45980.0,0.0,0.0,0,1.0,0.2
13038,2445654,5.0,1,76,0.0,1680.0,0.0,0.0,0,1.0,0.2
96569,2163208,0.0,0,12,0.0,192.0,0.0,0.0,0,9.0,1.8499999999999999
74448,2280340,0.0,0,80,0.0,1394.0,0.0,0.0,0,5.0,1.0
32919,2655647,5.0,1,33,0.0,585.0,0.0,0.0,0,1.0,0.2
11041,2412741,5.0,1,42,0.0,728.0,0.0,0.0,0,1.0,0.2
148218,2465888,0.0,0,33,0.0,375.0,0.0,0.0,0,5.0,1.4
178330,2534731,0.0,0,28,0.0,286.0,0.0,0.0,0,5.0,1.0999999999999999
1472789,2394539,0.0,0,12,0.0,195.0,0.0,0.0,0,5.0,1.05
323660,2531087,0.0,0,32,0.0,490.0,0.0,0.0,0,9.0,1.983333333333333
5776,2306753,3.0,1,60,0.0,945.0,0.0,0.0,0,1.0,0.3333333333333333
72280,2819496,5.0,1,708,0.0,17025.0,0.0,0.0,0,1.0,0.2
2098320,2196899,0.0,0,348,0.0,3996.0,0.0,0.0,0,5.0,1.0
956750,2656338,0.0,0,12,0.0,200.0,0.0,0.0,0,5.0,1.35
23479,2591765,5.0,1,900,439.0,17612.0,10.986025672096742,0.6693277051475318,7,1.0,0.2
34894,2667087,5.0,1,32,0.0,800.0,0.0,0.0,0,1.0,0.2
183807,2530255,0.0,0,35,0.0,363.0,0.0,0.0,0,5.0,1.1333333333333333
1746718,2176173,0.0,0,95,0.0,2300.0,0.0,0.0,0,5.0,1.0
55957,2765180,5.0,1,100,1375.0,2500.0,18.09934075535124,0.7239736302140495,11,1.0,0.2
7629,2344261,5.0,1,4432,125.0,86688.0,3.1729567660425597,0.10206207261596577,1,1.0,0.2
932,2177999,5.0,1,345,125.0,6634.0,0.21042697573673486,0.007063126259436916,1,1.0,0.2
279897,2998796,5.0,1,18,0.0,297.0,0.0,0.0,0,1.0,0.2
7501,2316644,0.0,0,33,0.0,705.0,0.0,0.0,0,5.0,1.0
5865,2308216,3.0,1,175,0.0,3392.0,0.0,0.0,0,1.0,0.3333333333333333
61747,2727607,0.0,0,32,0.0,240.0,0.0,0.0,0,5.0,1.8499999999999999
1075555,2246049,0.0,0,18,0.0,285.0,0.0,0.0,0,9.0,1.8499999999999999
1922207,2317077,0.0,0,105,0.0,2325.0,0.0,0.0,0,7.0,1.4
595126,2148055,0.0,0,144,0.0,2592.0,0.0,0.0,0,5.0,1.0
3213,2244112,5.0,1,70,0.0,1488.0,0.0,0.0,0,1.0,0.2
5922,2309170,5.0,1,100,0.0,1420.0,0.0,0.0,0,1.0,0.2
612029,2287025,0.0,0,165,0.0,2790.0,0.0,0.0,0,5.0,1.0
14677,2470161,5.0,1,2223,1963.0,48048.0,21.159870575911626,1.1672117397930928,23,1.0,0.2
1210208,2682987,0.0,0,9,0.0,132.0,0.0,0.0,0,inf,inf
155621,2231356,0.0,0,55,0.0,1125.0,0.0,0.0,0,5.0,1.05
177116,2689129,0.0,0,24,0.0,468.0,0.0,0.0,0,5.0,1.1333333333333333
98638,2888143,2.0,1,80,0.0,576.0,0.0,0.0,0,1.0,0.5
226938,2765025,0.0,0,36,0.0,280.0,0.0,0.0,0,7.0,2.2
354498,2615038,0.0,0,27,125.0,462.0,0.047121014585763704,0.0016468342311692342,1,3.0,0.6000000000000001
15931,2488511,4.0,1,19925,2068.0,285975.0,29.95292610228984,2.605434263804717,37,1.0,0.25
12323,2435052,4.0,1,210,209.0,2574.0,0.8462581010907577,0.08343078816123163,5,1.0,0.25
37560,2682880,5.0,1,20,0.0,500.0,0.0,0.0,0,1.0,0.2
9467,2380823,5.0,1,45,0.0,990.0,0.0,0.0,0,1.0,0.2
9955,2387579,4.0,1,2220,0.0,29699.0,0.0,0.0,0,1.0,0.25
524,2163033,5.0,1,36,0.0,462.0,0.0,0.0,0,1.0,0.2
2118,2213602,3.0,1,1221,42.0,21484.0,0.3312243390419108,0.05755789671643499,2,1.0,0.3333333333333333
194012,2395515,0.0,0,68,0.0,1275.0,0.0,0.0,0,5.0,1.05
443703,2278501,0.0,0,42,0.0,840.0,0.0,0.0,0,5.0,1.3166666666666667
19754,2540994,5.0,1,208,0.0,4400.0,0.0,0.0,0,1.0,0.2
14870,2472384,5.0,1,580,0.0,13200.0,0.0,0.0,0,1.0,0.2
170596,2809490,0.0,0,12,0.0,240.0,0.0,0.0,0,5.0,1.0
1100,2183005,5.0,1,4851,1080.0,94178.0,4.345079017202919,0.20663069315051388,11,1.0,0.2
53205,2755721,1.0,1,66,0.0,748.0,0.0,0.0,0,1.0,1.0
497,2162193,4.0,1,221,128.0,2700.0,0.16975031101043478,0.01923085536644024,4,1.0,0.25
77,2148868,5.0,1,713,120.0,11424.0,0.59742468811035,0.049987199751208654,2,1.0,0.2
17173,2507843,5.0,1,344,0.0,6228.0,0.0,0.0,0,1.0,0.2
2138,2213940,5.0,1,90,0.0,1647.0,0.0,0.0,0,1.0,0.2
3407,2249055,5.0,1,16896,369.0,256595.0,3.7297591526541227,0.16000374109984963,4,1.0,0.2
1630318,2288106,0.0,0,44,0.0,940.0,0.0,0.0,0,7.0,1.45
68424,2374437,0.0,0,9,0.0,225.0,0.0,0.0,0,5.0,1.0
2016976,2207343,0.0,0,136,0.0,2431.0,0.0,0.0,0,5.0,1.0
9190,2375419,5.0,1,35,0.0,805.0,0.0,0.0,0,1.0,0.2
12587,2439040,4.0,1,2145,0.0,33570.0,0.0,0.0,0,1.0,0.25
581797,2763467,0.0,0,21,0.0,310.0,0.0,0.0,0,7.0,1.45
7368,2338711,2.0,1,72,0.0,624.0,0.0,0.0,0,1.0,0.5
13263,2449947,5.0,1,30,0.0,658.0,0.0,0.0,0,1.0,0.2
121667,2702486,0.0,0,9,0.0,180.0,0.0,0.0,0,inf,inf
975875,2188461,0.0,0,18,0.0,435.0,0.0,0.0,0,5.0,1.7999999999999998
1923159,2216214,0.0,0,48,0.0,756.0,0.0,0.0,0,5.0,1.0
210599,3007521,0.0,0,15,0.0,210.0,0.0,0.0,0,7.0,1.5833333333333333
1915860,2222119,0.0,0,33,0.0,756.0,0.0,0.0,0,5.0,1.0
625368,2532325,0.0,0,24,0.0,494.0,0.0,0.0,0,5.0,1.0
31645,2649004,1.0,1,215,0.0,3465.0,0.0,0.0,0,1.0,1.0
105482,2368093,0.0,0,24,0.0,442.0,0.0,0.0,0,5.0,1.05
1659194,2237862,0.0,0,217,0.0,3468.0,0.0,0.0,0,5.0,1.0
42654,2708445,5.0,1,3786,80.0,81074.0,2.2922730202450112,0.1259881576697424,1,1.0,0.2
13638,2455949,4.0,1,432,225.0,5688.0,0.9899923446886503,0.06057762494056029,3,1.0,0.25
17777,2247778,0.0,0,255,0.0,2350.0,0.0,0.0,0,5.0,1.4166666666666665
22851,2584420,5.0,1,4076,250.0,92074.0,3.809668849721769,0.14160982239220993,2,1.0,0.2
16944,2504544,5.0,1,668,80.0,9780.0,0.28170935149603654,0.01580348853102535,1,1.0,0.2
458078,2194983,0.0,0,33,0.0,432.0,0.0,0.0,0,5.0,1.05
202930,2522187,0.0,0,48,0.0,910.0,0.0,0.0,0,5.0,1.45
146493,2344175,0.0,0,32,0.0,720.0,0.0,0.0,0,5.0,1.0
7205,2335585,4.0,1,290,164.0,4730.0,1.289726422022953,0.07106100363682674,2,1.0,0.25
5681,2305140,3.0,1,665,125.0,13237.0,0.4523821833545547,0.017817416127494958,1,1.0,0.3333333333333333
34466,2664572,4.0,1,1640,0.0,34104.0,0.0,0.0,0,1.0,0.25
72463,2730046,0.0,0,24,0.0,600.0,0.0,0.0,0,5.0,1.0
434934,2349448,0.0,0,15,0.0,196.0,0.0,0.0,0,5.0,1.1333333333333333
20937,2560570,4.0,1,3654,75.0,58368.0,3.4232659844072884,0.20412414523193154,1,1.0,0.25
127774,2271970,0.0,0,45,0.0,984.0,0.0,0.0,0,5.0,1.0
100278,2872386,0.0,0,9,0.0,225.0,0.0,0.0,0,7.0,1.4
12784,2441753,5.0,1,3648,450.0,74753.0,1.1922024525224706,0.04961175654220067,4,1.0,0.2
1855611,2190310,0.0,0,33,0.0,546.0,0.0,0.0,0,5.0,1.0
180696,2945622,5.0,1,9,0.0,210.0,0.0,0.0,0,1.0,0.2
161028,2371313,0.0,0,12,0.0,168.0,0.0,0.0,0,5.0,1.1
66352,2800185,5.0,1,234,0.0,5130.0,0.0,0.0,0,1.0,0.2
23980,2597756,5.0,1,55,310.0,1210.0,3.337041391489109,0.19140468628703308,4,1.0,0.2
22130,2575700,4.0,1,160,0.0,2826.0,0.0,0.0,0,1.0,0.25
275003,3003606,0.0,0,9,0.0,180.0,0.0,0.0,0,5.0,1.1333333333333333
441946,2634827,0.0,0,42,0.0,840.0,0.0,0.0,0,7.0,1.4
49757,2162182,0.0,0,55,0.0,960.0,0.0,0.0,0,5.0,1.0
42139,2262045,0.0,0,88,0.0,2000.0,0.0,0.0,0,5.0,1.0
519205,2215368,0.0,0,132,45.0,1036.0,0.05277779989925013,0.004719712264904992,1,3.0,0.8666666666666667
28780,2629604,4.0,1,3196,0.0,58448.0,0.0,0.0,0,1.0,0.25
6954,2330572,4.0,1,72,0.0,1197.0,0.0,0.0,0,1.0,0.25
48559,2740120,4.0,1,300,0.0,5833.0,0.0,0.0,0,1.0,0.25
1761635,2321153,0.0,0,9,0.0,126.0,0.0,0.0,0,5.0,1.3
1696068,2433367,0.0,0,20,0.0,170.0,0.0,0.0,0,7.0,1.4
1669320,2163227,0.0,0,44,0.0,846.0,0.0,0.0,0,7.0,1.4
36412,2423391,0.0,0,9,0.0,195.0,0.0,0.0,0,5.0,1.1333333333333333
1944640,2950106,0.0,0,9,0.0,225.0,0.0,0.0,0,7.0,1.4
37666,2683537,5.0,1,732,80.0,13862.0,2.7075897736896506,0.15811388300841897,1,1.0,0.2
27053,2619060,5.0,1,36,0.0,812.0,0.0,0.0,0,1.0,0.2
2016724,2162041,0.0,0,9,0.0,165.0,0.0,0.0,0,5.0,1.05
53293,2559223,0.0,0,60,0.0,1274.0,0.0,0.0,0,5.0,1.1
7035,2331860,5.0,1,729,350.0,16148.0,3.0951552478805437,0.1168249348802835,3,1.0,0.2
103602,2674034,0.0,0,25,0.0,500.0,0.0,0.0,0,5.0,1.05
25382,2609155,5.0,1,356,125.0,8900.0,10.206207261596576,0.4082482904638631,1,1.0,0.2
481478,2253120,0.0,0,301,0.0,6336.0,0.0,0.0,0,5.0,1.0
9781,2385313,4.0,1,890,589.0,14160.0,6.727949280011012,0.38639392373895864,8,1.0,0.25
2049727,2754429,0.0,0,9,0.0,121.0,0.0,0.0,0,5.0,1.05
218,2153242,4.0,1,1300,2045.0,18504.0,5.976558087397637,0.42648665270941716,34,1.0,0.25
18639,2526678,4.0,1,51,0.0,770.0,0.0,0.0,0,1.0,0.25
127140,2336024,0.0,0,16,0.0,190.0,0.0,0.0,0,5.0,1.1333333333333333
603737,2193826,0.0,0,162,0.0,2844.0,0.0,0.0,0,5.0,1.3499999999999999
430219,2708744,0.0,0,36,0.0,810.0,0.0,0.0,0,5.0,1.0
157619,2463276,0.0,0,68,0.0,828.0,0.0,0.0,0,5.0,1.1333333333333333
93343,2374634,0.0,0,56,0.0,513.0,0.0,0.0,0,5.0,1.1
49070,2165011,0.0,0,77,0.0,1472.0,0.0,0.0,0,5.0,1.0999999999999999
3409,2249977,5.0,1,66,0.0,1605.0,0.0,0.0,0,1.0,0.2
27666,2292589,0.0,0,30,0.0,644.0,0.0,0.0,0,7.0,1.4
51759,2743247,0.0,0,24,0.0,480.0,0.0,0.0,0,5.0,1.1
86174,2603373,0.0,0,40,0.0,925.0,0.0,0.0,0,5.0,1.0
36330,2167224,0.0,0,180,0.0,3082.0,0.0,0.0,0,5.0,1.0
1748974,3024650,0.0,0,9,0.0,150.0,0.0,0.0,0,7.0,2.5999999999999996
206927,2440142,0.0,0,12,0.0,238.0,0.0,0.0,0,9.0,1.7999999999999998
3628,2257531,5.0,1,7245,804.0,140777.0,1.8097348003355596,0.11107329049699151,12,1.0,0.2
25478,2609589,5.0,1,1472,0.0,33020.0,0.0,0.0,0,1.0,0.2
1208,2188091,5.0,1,6040,0.0,123690.0,0.0,0.0,0,1.0,0.2
60307,2431317,0.0,0,36,0.0,570.0,0.0,0.0,0,5.0,1.0
1599270,2784064,0.0,0,9,0.0,143.0,0.0,0.0,0,7.0,1.4
12941,2443722,5.0,1,594,60.0,12168.0,0.06119104901611126,0.004402382509724041,1,1.0,0.2
13915,2461197,4.0,1,578,0.0,8550.0,0.0,0.0,0,1.0,0.25
8059,2353420,4.0,1,918,100.0,14061.0,1.118033988749895,0.04920678313051229,1,1.0,0.25
128365,2186277,0.0,0,550,0.0,10560.0,0.0,0.0,0,5.0,1.0
8347,2359007,5.0,1,220,0.0,4692.0,0.0,0.0,0,1.0,0.2
209821,2292258,0.0,0,60,75.0,988.0,0.06067353545069311,0.00346843987809648,1,3.0,0.7333333333333334
76521,2830732,1.0,1,9,0.0,99.0,0.0,0.0,0,1.0,1.0
177493,3121335,0.0,0,68,0.0,488.0,0.0,0.0,0,7.0,1.75
16006,2489898,2.0,1,156,0.0,1710.0,0.0,0.0,0,1.0,0.5
79348,3012357,0.0,0,25,0.0,408.0,0.0,0.0,0,7.0,1.45
12994,2444424,5.0,1,4032,2009.0,88737.0,2.0476821999955623,0.08911137931292933,22,1.0,0.2
61768,2784833,4.0,1,282,0.0,5150.0,0.0,0.0,0,1.0,0.25
927562,2288898,0.0,0,30,0.0,408.0,0.0,0.0,0,5.0,1.1333333333333333
69614,2169956,0.0,0,175,0.0,3700.0,0.0,0.0,0,5.0,1.05
125812,2930835,0.0,0,12,0.0,240.0,0.0,0.0,0,7.0,1.4
2623,2229330,5.0,1,41150,11148.0,836766.0,43.59794317092341,2.061466320649274,122,1.0,0.2
4374,2278567,4.0,1,272,0.0,4824.0,0.0,0.0,0,1.0,0.25
118277,2211157,0.0,0,40,80.0,836.0,0.03692984072929029,0.0020214605396358847,1,3.0,0.7
8555,2364168,5.0,1,150,0.0,2760.0,0.0,0.0,0,1.0,0.2
943685,2180464,0.0,0,16,0.0,272.0,0.0,0.0,0,5.0,1.05
1816685,2391181,0.0,0,12,0.0,300.0,0.0,0.0,0,5.0,1.0
178094,2180632,0.0,0,24,0.0,288.0,0.0,0.0,0,5.0,1.35
1944386,2874347,0.0,0,9,0.0,150.0,0.0,0.0,0,7.0,1.5833333333333333
14198,2464557,5.0,1,44,80.0,893.0,0.46302375271489665,0.024098134635593994,1,1.0,0.2
37751,2431875,0.0,0,112,0.0,1716.0,0.0,0.0,0,5.0,1.0
1333346,2167931,0.0,0,51,0.0,682.0,0.0,0.0,0,5.0,1.05
15880,2487255,3.0,1,49,0.0,506.0,0.0,0.0,0,1.0,0.3333333333333333
27403,2621532,5.0,1,66,0.0,1242.0,0.0,0.0,0,1.0,0.2
3407,2249846,4.0,1,12288,1410.0,228855.0,5.327186456521747,0.24347619491229525,13,1.0,0.25
22886,2585276,5.0,1,108,0.0,1887.0,0.0,0.0,0,1.0,0.2
2342,2220652,4.0,1,3080,459.0,51348.0,1.708621115935177,0.09094144603263447,6,1.0,0.25
2000840,2296061,0.0,0,18,0.0,420.0,0.0,0.0,0,5.0,1.0
1706602,2563464,0.0,0,9,0.0,195.0,0.0,0.0,0,5.0,1.05
47007,2733057,4.0,1,153,0.0,2057.0,0.0,0.0,0,1.0,0.25
677,2169314,4.0,1,1560,1276.0,30906.0,11.183360621704367,0.565816195675934,14,1.0,0.25
145652,2371979,0.0,0,44,0.0,960.0,0.0,0.0,0,5.0,1.05
428297,2335676,0.0,0,40,0.0,544.0,0.0,0.0,0,5.0,1.05
206092,2839192,0.0,0,21,0.0,180.0,0.0,0.0,0,7.0,1.5833333333333333
20448,2549672,4.0,1,951,250.0,21098.0,0.7463937157850158,0.026519125306483718,2,1.0,0.25
27241,2620738,5.0,1,1415,0.0,23820.0,0.0,0.0,0,1.0,0.2
17928,2282535,0.0,0,9592,675.0,231869.0,0.6446930470577853,0.02956658935694691,6,3.0,0.6000000000000001
47006,2315905,0.0,0,112,0.0,1922.0,0.0,0.0,0,5.0,1.0
1399495,2421672,0.0,0,55,0.0,1029.0,0.0,0.0,0,5.0,1.0999999999999999
1968,2209916,4.0,1,1308,0.0,23983.0,0.0,0.0,0,1.0,0.25
110389,2616572,0.0,0,9,0.0,195.0,0.0,0.0,0,7.0,1.4
42725,2181018,0.0,0,1312,0.0,21665.0,0.0,0.0,0,5.0,1.0
6338,2317714,3.0,1,161,36.0,1968.0,0.20620301898704121,0.022774375933713845,1,1.0,0.3333333333333333
51912,2752099,5.0,1,162,0.0,2490.0,0.0,0.0,0,1.0,0.2
5920,2309152,3.0,1,495,83.0,4998.0,0.10164633473084526,0.03502139377821173,8,1.0,0.3333333333333333
2003596,2906987,0.0,0,45,0.0,552.0,0.0,0.0,0,9.0,1.9333333333333331
12238,2433203,4.0,1,276,0.0,2890.0,0.0,0.0,0,1.0,0.25
1742300,2781951,0.0,0,28,0.0,513.0,0.0,0.0,0,5.0,1.05
1751277,2780430,0.0,0,9,0.0,100.0,0.0,0.0,0,7.0,2.083333333333333
724521,2505766,0.0,0,15,0.0,225.0,0.0,0.0,0,5.0,1.3
409236,2161323,0.0,0,1160,165.0,20169.0,0.23131708257190448,0.021931662055448473,3,3.0,0.65
21077,2563076,5.0,1,54,0.0,1275.0,0.0,0.0,0,1.0,0.2
130546,2193695,0.0,0,133,0.0,2610.0,0.0,0.0,0,5.0,1.0
385,2158199,4.0,1,1029,383.0,15120.0,0.8039513970889561,0.03861614343802924,5,1.0,0.25
144029,2686209,0.0,0,18,72.0,364.0,0.09528213509984841,0.014476671690187312,3,3.0,1.0
19694,2540277,5.0,1,5874,75.0,118784.0,1.7589938618257297,0.10206207261596577,1,1.0,0.2
43070,2711559,5.0,1,12,0.0,210.0,0.0,0.0,0,1.0,0.2
88934,2394589,0.0,0,186,100.0,3675.0,0.7189966356788134,0.028676966733820218,1,3.0,0.65
38913,2689298,5.0,1,56,0.0,1220.0,0.0,0.0,0,1.0,0.2
2004,2210844,4.0,1,260,0.0,5376.0,0.0,0.0,0,1.0,0.25
2807,2234553,4.0,1,4944,30053.0,100100.0,66.69037688211418,2.8109308383575597,279,1.0,0.25
43921,2688570,0.0,0,56,0.0,1258.0,0.0,0.0,0,5.0,1.05
149030,2419931,0.0,0,18,0.0,345.0,0.0,0.0,0,5.0,1.05
16206,2492555,4.0,1,678,0.0,10884.0,0.0,0.0,0,1.0,0.25
169529,2836909,0.0,0,12,0.0,190.0,0.0,0.0,0,7.0,1.45
94564,2776351,0.0,0,1842,0.0,34749.0,0.0,0.0,0,5.0,1.0
4492,2281531,5.0,1,27140,16681.0,524285.0,52.294107195930785,2.34094892106233,175,1.0,0.2
242,2154025,4.0,1,1536,0.0,20706.0,0.0,0.0,0,1.0,0.25
7138,2334229,3.0,1,1480,580.0,25066.0,1.9514117173340415,0.2565450761252074,13,1.0,0.3333333333333333
115719,2900895,5.0,1,30,0.0,630.0,0.0,0.0,0,1.0,0.2
175228,2315458,0.0,0,252,0.0,5709.0,0.0,0.0,0,5.0,1.0
27239,2620655,4.0,1,72,0.0,924.0,0.0,0.0,0,1.0,0.25
595,2165986,5.0,1,1716,895.0,33582.0,4.976966744339206,0.22388191385996126,10,1.0,0.2
503319,2583063,0.0,0,32,0.0,570.0,0.0,0.0,0,5.0,1.2999999999999998
5194,2217902,0.0,0,117,0.0,2145.0,0.0,0.0,0,5.0,1.0999999999999999
8967,2371397,5.0,1,136,75.0,2160.0,1.380394075935582,0.08111071056538127,1,1.0,0.2
213187,2189850,0.0,0,70,0.0,1425.0,0.0,0.0,0,5.0,1.05
1120,2183445,4.0,1,2226,8217.0,40527.0,23.888413846769875,1.3692839588190855,112,1.0,0.25
6171,2314237,5.0,1,45,0.0,736.0,0.0,0.0,0,1.0,0.2
7045,2727850,0.0,0,66,0.0,1068.0,0.0,0.0,0,5.0,1.0
9625,2383363,4.0,1,84,0.0,1694.0,0.0,0.0,0,1.0,0.25
5409,2299641,5.0,1,87,0.0,1298.0,0.0,0.0,0,1.0,0.2
396252,2855598,0.0,0,30,0.0,350.0,0.0,0.0,0,7.0,1.45
230265,2873007,0.0,0,40,0.0,132.0,0.0,0.0,0,7.0,2.1999999999999997
51330,2211106,0.0,0,69,0.0,1695.0,0.0,0.0,0,7.0,1.4
701824,2942540,0.0,0,16,0.0,220.0,0.0,0.0,0,5.0,1.1833333333333333
15316,2479024,1.0,1,120,0.0,1518.0,0.0,0.0,0,1.0,1.0
11815,2423608,5.0,1,48,125.0,1121.0,11.918282365569905,0.4082482904638631,1,1.0,0.2
2481,2225985,1.0,1,42,0.0,410.0,0.0,0.0,0,1.0,1.0
5008,2292254,3.0,1,1432,510.0,20922.0,6.379757035592818,0.34212568402941523,9,1.0,0.3333333333333333
82309,2612703,0.0,0,36,0.0,779.0,0.0,0.0,0,5.0,1.1
1670952,2272181,0.0,0,12,0.0,196.0,0.0,0.0,0,5.0,1.0
11032,2412644,5.0,1,222,0.0,4134.0,0.0,0.0,0,1.0,0.2
209633,2183868,0.0,0,42,0.0,899.0,0.0,0.0,0,5.0,1.0
3202,2243684,4.0,1,130,0.0,1800.0,0.0,0.0,0,1.0,0.25
48106,2301868,0.0,0,80,0.0,925.0,0.0,0.0,0,5.0,1.1
4033,2268245,5.0,1,3603,80.0,80655.0,0.01461797041111895,0.0007401622391388768,1,1.0,0.2
133628,2916043,5.0,1,98,0.0,1802.0,0.0,0.0,0,1.0,0.2
1976747,2420898,0.0,0,24,250.0,425.0,0.09142623866871374,0.003323757789614412,2,3.0,0.6000000000000001
9926,2386977,4.0,1,6171,1406.0,95880.0,2.2624553533026135,0.13104089079995812,21,1.0,0.25
388820,2247805,0.0,0,72,0.0,901.0,0.0,0.0,0,5.0,1.0
11591,2376788,0.0,0,42,0.0,728.0,0.0,0.0,0,5.0,1.0
38898,2252976,0.0,0,60,0.0,1012.0,0.0,0.0,0,5.0,1.0
360652,3031382,0.0,0,9,0.0,210.0,0.0,0.0,0,inf,inf
465225,2215680,0.0,0,16,0.0,272.0,0.0,0.0,0,5.0,1.05
118306,3210059,0.0,0,9,0.0,210.0,0.0,0.0,0,7.0,1.45
22584,2580919,5.0,1,360,200.0,7676.0,0.8819760996152183,0.035986018189904934,2,1.0,0.2
20112,2545160,3.0,1,7488,2636.0,91208.0,7.097570684380129,0.5739417532798216,53,1.0,0.3333333333333333
10156,2390524,5.0,1,129,100.0,2702.0,1.504823163572115,0.06900655593423542,1,1.0,0.2
1082221,2244050,0.0,0,36,0.0,702.0,0.0,0.0,0,5.0,1.0
14977,2474900,5.0,1,33,305.0,644.0,2.1924669126306933,0.10922409166898103,3,1.0,0.2
4308,2276861,5.0,1,5274,0.0,109565.0,0.0,0.0,0,1.0,0.2
2002746,2958202,0.0,0,9,0.0,105.0,0.0,0.0,0,7.0,1.7
1760351,2456817,0.0,0,12,0.0,171.0,0.0,0.0,0,5.0,1.7999999999999998
18428,2231004,0.0,0,52,0.0,816.0,0.0,0.0,0,5.0,1.0
19853,2542072,4.0,1,75,0.0,1296.0,0.0,0.0,0,1.0,0.25
26358,2615034,3.0,1,1332,224.0,19692.0,1.0396882534040546,0.05762760639475431,3,1.0,0.3333333333333333
28319,2885717,0.0,0,27,0.0,324.0,0.0,0.0,0,7.0,1.45
526746,2175642,0.0,0,63,0.0,775.0,0.0,0.0,0,5.0,1.1
851350,2881916,0.0,0,9,0.0,84.0,0.0,0.0,0,inf,inf
89590,2918622,0.0,0,20,0.0,400.0,0.0,0.0,0,7.0,1.7999999999999998
470482,2420901,0.0,0,50,0.0,752.0,0.0,0.0,0,5.0,1.1833333333333331
3338,2778502,0.0,0,112,0.0,1701.0,0.0,0.0,0,5.0,1.1
52139,2752622,5.0,1,105,0.0,2310.0,0.0,0.0,0,1.0,0.2
12428,2436599,5.0,1,231,24.0,3741.0,0.13338274350117102,0.021166687833365085,1,1.0,0.2
20898,2556408,4.0,1,98952,2190.0,2198604.0,44.06712529365832,2.496792695011224,33,1.0,0.25
122972,2152131,0.0,0,165,0.0,3682.0,0.0,0.0,0,5.0,1.0
60316,2780415,3.0,1,39,0.0,637.0,0.0,0.0,0,1.0,0.3333333333333333
183304,2434593,0.0,0,30,0.0,468.0,0.0,0.0,0,5.0,1.1
1496273,2891319,0.0,0,12,0.0,300.0,0.0,0.0,0,inf,inf
1840,2205653,5.0,1,418,0.0,7990.0,0.0,0.0,0,1.0,0.2
563,2164867,5.0,1,996,0.0,14652.0,0.0,0.0,0,1.0,0.2
1981,2210341,2.0,1,196,75.0,2108.0,0.4774842878422146,0.029974532466509034,1,1.0,0.5
12093,2431464,4.0,1,368,0.0,6448.0,0.0,0.0,0,1.0,0.25
1755894,2226064,0.0,0,15,0.0,264.0,0.0,0.0,0,5.0,1.05
134494,2368328,0.0,0,21,0.0,406.0,0.0,0.0,0,5.0,1.0
1876076,2642588,0.0,0,20,0.0,500.0,0.0,0.0,0,5.0,1.0
32719,2567901,0.0,0,60,0.0,855.0,0.0,0.0,0,5.0,1.0
1032,2181065,3.0,1,128,328.0,1650.0,3.228667392821175,0.20324486020001678,6,1.0,0.3333333333333333
63896,2307480,0.0,0,18,0.0,322.0,0.0,0.0,0,5.0,1.0
1058292,2368584,0.0,0,21,0.0,375.0,0.0,0.0,0,5.0,1.05
959803,2158441,0.0,0,12,0.0,150.0,0.0,0.0,0,5.0,1.5333333333333332
2615,2228814,3.0,1,2094,269.0,27567.0,2.0308640571067826,0.20102677045578174,7,1.0,0.3333333333333333
2724,2232847,5.0,1,480,1112.0,7656.0,1.5946126497507995,0.06309572228017446,11,1.0,0.2
22513,2580252,5.0,1,125,0.0,2442.0,0.0,0.0,0,1.0,0.2
6498,2320386,5.0,1,555,250.0,12475.0,1.2400851213291089,0.03902699492122809,2,1.0,0.2
4951,2290446,4.0,1,4048,196.0,61974.0,0.40254002761480034,0.03495618496834,5,1.0,0.25
787347,3236264,0.0,0,25,0.0,625.0,0.0,0.0,0,7.0,1.4
34200,2662431,5.0,1,288,5.0,4140.0,0.944911182523068,0.31622776601683794,1,1.0,0.2
175163,2631159,0.0,0,48,0.0,660.0,0.0,0.0,0,5.0,1.05
7344,2338384,5.0,1,1015,280.0,22294.0,0.5120238522976798,0.02209975679748694,3,1.0,0.2
21130,2563513,5.0,1,174,200.0,3962.0,0.856303090185188,0.04077830907137484,2,1.0,0.2
446927,2428271,0.0,0,36,0.0,840.0,0.0,0.0,0,5.0,1.0
41401,2197770,0.0,0,60,0.0,990.0,0.0,0.0,0,7.0,1.45
23003,2586756,5.0,1,120,0.0,2574.0,0.0,0.0,0,1.0,0.2
893797,3146182,5.0,1,24,925.0,600.0,11.84771520291243,0.47555528764782456,8,1.0,0.2
18692,2527305,4.0,1,350,0.0,7424.0,0.0,0.0,0,1.0,0.25
7036,2331952,4.0,1,21340,2077.0,368514.0,13.729191901334397,0.7374615371214065,28,1.0,0.25
6665,2325613,5.0,1,144,0.0,2805.0,0.0,0.0,0,1.0,0.2
5725,2527044,0.0,0,80,0.0,1332.0,0.0,0.0,0,7.0,1.4
208952,2212374,0.0,0,18,0.0,435.0,0.0,0.0,0,5.0,1.05
12874,2443048,4.0,1,208,0.0,2860.0,0.0,0.0,0,1.0,0.25
503212,2260134,0.0,0,120,0.0,2625.0,0.0,0.0,0,5.0,1.1333333333333333
204986,2148803,0.0,0,135,0.0,2496.0,0.0,0.0,0,7.0,1.4
25738,2611227,5.0,1,15,0.0,350.0,0.0,0.0,0,1.0,0.2
2143183,2757554,0.0,0,9,0.0,195.0,0.0,0.0,0,7.0,1.45
49388,2743801,5.0,1,25,0.0,575.0,0.0,0.0,0,1.0,0.2
23514,2592139,5.0,1,141,0.0,2324.0,0.0,0.0,0,1.0,0.2
50409,2253239,0.0,0,18,0.0,299.0,0.0,0.0,0,5.0,1.0
15490,2481497,5.0,1,148,0.0,3021.0,0.0,0.0,0,1.0,0.2
1667809,2858079,0.0,0,133,0.0,2340.0,0.0,0.0,0,5.0,1.1333333333333333
30693,2642904,5.0,1,236,0.0,2607.0,0.0,0.0,0,1.0,0.2
2231,2216183,3.0,1,6972,772.0,131376.0,1.4283908083896535,0.09946747407708474,15,1.0,0.3333333333333333
205226,3219624,0.0,0,21,0.0,455.0,0.0,0.0,0,7.0,1.4
894488,3146323,5.0,1,9,0.0,225.0,0.0,0.0,0,1.0,0.2
214446,3142727,0.0,0,15,0.0,225.0,0.0,0.0,0,5.0,1.4
346230,2280471,0.0,0,48,0.0,945.0,0.0,0.0,0,5.0,1.0
10559,2396513,4.0,1,444,425.0,8680.0,5.497588999457659,0.2182279127492749,4,1.0,0.25
1690976,2208448,0.0,0,90,0.0,1927.0,0.0,0.0,0,5.0,1.05
3119,2241688,5.0,1,370,0.0,7944.0,0.0,0.0,0,1.0,0.2
1945026,2971965,0.0,0,9,0.0,154.0,0.0,0.0,0,7.0,1.45
10341,2393021,5.0,1,160,0.0,3200.0,0.0,0.0,0,1.0,0.2
1424,2193718,3.0,1,1830,215.0,20739.0,1.2698498896129236,0.06771051688476205,3,1.0,0.3333333333333333
56040,2878015,0.0,0,110,0.0,1496.0,0.0,0.0,0,5.0,1.5333333333333332
226257,2235264,0.0,0,33,0.0,660.0,0.0,0.0,0,5.0,1.0
16773,2500165,4.0,1,60,0.0,1235.0,0.0,0.0,0,1.0,0.25
2211,2202626,0.0,0,35,0.0,529.0,0.0,0.0,0,7.0,1.4
18426,2523752,5.0,1,2576,360.0,43080.0,0.6259904312791765,0.030136666061678516,4,1.0,0.2
1907780,2371614,0.0,0,72,0.0,1554.0,0.0,0.0,0,7.0,2.1999999999999997
2032044,2443594,0.0,0,12,0.0,204.0,0.0,0.0,0,5.0,1.4
9424,2379756,2.0,1,1256,850.0,18700.0,1.365472084877923,0.07976854267006288,10,1.0,0.5
138734,2342180,0.0,0,49,0.0,990.0,0.0,0.0,0,5.0,1.0
15420,2480735,4.0,1,186,0.0,3510.0,0.0,0.0,0,1.0,0.25
2750,2233487,5.0,1,460,167.0,9282.0,0.32161182344743694,0.030976004008666687,4,1.0,0.2
1020185,2202316,0.0,0,39,0.0,672.0,0.0,0.0,0,5.0,1.0
53926,2234437,0.0,0,682,75.0,14586.0,0.043136087669114774,0.0025804926455245095,1,3.0,0.7333333333333334
3206,2243858,4.0,1,2220,4355.0,38962.0,12.929095283334869,0.6646330113888744,49,1.0,0.25
248377,2893700,0.0,0,9,0.0,225.0,0.0,0.0,0,9.0,1.8499999999999999
48462,2739745,5.0,1,45,250.0,750.0,9.958806813840118,0.395830414200603,2,1.0,0.2
2842,2222355,0.0,0,60,0.0,1065.0,0.0,0.0,0,5.0,1.0
451,2160461,5.0,1,2760,835.0,57304.0,2.8624017818753393,0.12266049026501288,8,1.0,0.2
1075,2725394,0.0,0,27,0.0,481.0,0.0,0.0,0,5.0,1.05
17173,2280529,0.0,0,516,0.0,7958.0,0.0,0.0,0,5.0,1.05
20188,2546467,5.0,1,1463,100.0,27404.0,1.0583343916682542,0.04279604925109129,1,1.0,0.2
46141,2728917,5.0,1,312,250.0,7520.0,8.943317935811933,0.3454713180195194,2,1.0,0.2
1095,2182830,4.0,1,684,0.0,10976.0,0.0,0.0,0,1.0,0.25
9300,2377576,4.0,1,350,300.0,6603.0,0.7296824524415881,0.033223916306116735,3,1.0,0.25
7936,2351866,5.0,1,69,0.0,1605.0,0.0,0.0,0,1.0,0.2
19144,2533869,4.0,1,396,0.0,6120.0,0.0,0.0,0,1.0,0.25
4455,2280843,5.0,1,3790,873.0,79821.0,5.784444562339684,0.2546729586875932,9,1.0,0.2
6498,2320336,4.0,1,333,0.0,6487.0,0.0,0.0,0,1.0,0.25
618525,2414543,0.0,0,12,0.0,182.0,0.0,0.0,0,7.0,1.4
86945,2213971,0.0,0,128,0.0,2156.0,0.0,0.0,0,5.0,1.0
55091,2762875,5.0,1,12,500.0,300.0,5.263776325614403,0.2105510530245761,4,1.0,0.2
2816,2234890,5.0,1,442,0.0,7371.0,0.0,0.0,0,1.0,0.2
60168,2448041,0.0,0,36,0.0,836.0,0.0,0.0,0,5.0,1.05
191230,2484315,0.0,0,21,0.0,240.0,0.0,0.0,0,5.0,1.3
49842,2745532,4.0,1,30,0.0,644.0,0.0,0.0,0,1.0,0.25
1104093,2234726,0.0,0,12,0.0,208.0,0.0,0.0,0,5.0,1.0
6567,2172192,0.0,0,36,0.0,594.0,0.0,0.0,0,5.0,1.1333333333333333
2234,2216416,5.0,1,63894,6199.0,1312426.0,19.212632597298263,0.8417244712277633,68,1.0,0.2
4033,2268098,5.0,1,8407,0.0,145179.0,0.0,0.0,0,1.0,0.2
2714,2999508,0.0,0,530,0.0,10584.0,0.0,0.0,0,5.0,1.15
1915600,2277560,0.0,0,51,0.0,720.0,0.0,0.0,0,5.0,1.05
3726,2260779,5.0,1,296,0.0,6137.0,0.0,0.0,0,1.0,0.2
6595,2322111,5.0,1,4953,0.0,81763.0,0.0,0.0,0,1.0,0.2
3327,2246685,5.0,1,1144,50.0,20553.0,0.1269554956548823,0.011225331376673432,1,1.0,0.2
9878,2386388,5.0,1,968,0.0,21300.0,0.0,0.0,0,1.0,0.2
76398,2407998,0.0,0,9,0.0,45.0,0.0,0.0,0,7.0,1.5333333333333332
106,2149872,2.0,1,2136,1553.0,30130.0,6.704555184354479,0.547782323502508,28,1.0,0.5
43435,2713001,5.0,1,70,0.0,1120.0,0.0,0.0,0,1.0,0.2
7481,2341095,5.0,1,505,1015.0,11184.0,1.194128837173924,0.05019153132778558,10,1.0,0.2
227469,2215281,0.0,0,18,0.0,234.0,0.0,0.0,0,5.0,1.05
329766,2520285,0.0,0,12,0.0,150.0,0.0,0.0,0,5.0,1.3
35536,2671154,4.0,1,1206,0.0,21625.0,0.0,0.0,0,1.0,0.25
7130,2333913,5.0,1,312,500.0,6408.0,0.702270413302274,0.026106275890229944,4,1.0,0.2
208335,2602526,0.0,0,533,0.0,9653.0,0.0,0.0,0,5.0,1.1333333333333333
68429,2807355,3.0,1,96,0.0,1419.0,0.0,0.0,0,1.0,0.3333333333333333
5759,2920652,0.0,0,87,0.0,1180.0,0.0,0.0,0,7.0,2.2
1687595,2661485,0.0,0,24,0.0,320.0,0.0,0.0,0,7.0,1.45
259935,2509563,0.0,0,15,0.0,234.0,0.0,0.0,0,5.0,1.1
72762,2154303,0.0,0,40,0.0,504.0,0.0,0.0,0,5.0,1.45
85491,2928342,0.0,0,272,0.0,5280.0,0.0,0.0,0,7.0,1.4
229382,2465052,0.0,0,28,0.0,660.0,0.0,0.0,0,5.0,1.05
2046,2211633,4.0,1,21,0.0,416.0,0.0,0.0,0,1.0,0.25
121495,2442594,0.0,0,100,0.0,1421.0,0.0,0.0,0,5.0,1.05
84692,2852815,5.0,1,1104,0.0,23503.0,0.0,0.0,0,1.0,0.2
17714,2514819,5.0,1,120,0.0,2840.0,0.0,0.0,0,1.0,0.2
7505,2341433,5.0,1,1107,596.0,19836.0,4.043433252955881,0.18212903171273467,7,1.0,0.2
82020,2284776,0.0,0,98,0.0,2048.0,0.0,0.0,0,7.0,1.4
814361,2359143,0.0,0,15,0.0,345.0,0.0,0.0,0,5.0,1.05
19019,2532164,3.0,1,930,0.0,9780.0,0.0,0.0,0,1.0,0.3333333333333333
87833,2236389,0.0,0,78,0.0,1287.0,0.0,0.0,0,7.0,1.5333333333333332
49667,2736869,0.0,0,32,0.0,468.0,0.0,0.0,0,7.0,1.5333333333333332
1545,2197557,4.0,1,1023,1670.0,21276.0,2.5610284809608097,0.1144367144619191,17,1.0,0.25
13491,2453967,5.0,1,234,0.0,3549.0,0.0,0.0,0,1.0,0.2
20020,2544365,5.0,1,2523,161.0,49920.0,1.9984518358216012,0.09128176543449285,2,1.0,0.2
24551,2604055,5.0,1,52,0.0,1240.0,0.0,0.0,0,1.0,0.2
5424,2299941,5.0,1,186,0.0,2640.0,0.0,0.0,0,1.0,0.2
954,2178629,3.0,1,288,75.0,5184.0,0.15631514488504847,0.008924659210027766,1,1.0,0.3333333333333333
8220,2355534,5.0,1,2862,2833.0,58650.0,10.303457969140513,0.444084690828563,29,1.0,0.2
2623,2229372,4.0,1,58433,48506.0,997542.0,135.57018199555077,8.539919887883523,743,1.0,0.25
69710,2527813,0.0,0,30,0.0,686.0,0.0,0.0,0,5.0,1.4
1088490,2153395,0.0,0,72,0.0,1422.0,0.0,0.0,0,5.0,1.1
24712,2605371,5.0,1,69,0.0,900.0,0.0,0.0,0,1.0,0.2
21055,2362809,0.0,0,27,0.0,533.0,0.0,0.0,0,7.0,1.4
224452,2614381,0.0,0,20,0.0,272.0,0.0,0.0,0,5.0,1.05
504474,2328405,0.0,0,24,0.0,400.0,0.0,0.0,0,5.0,1.1333333333333333
18987,2761531,0.0,0,125,0.0,500.0,0.0,0.0,0,5.0,1.8
47837,2211059,0.0,0,54,0.0,728.0,0.0,0.0,0,5.0,1.1333333333333333
1130207,2501343,0.0,0,9,0.0,84.0,0.0,0.0,0,5.0,1.8
1097220,2944397,0.0,0,12,0.0,255.0,0.0,0.0,0,7.0,1.45
247422,2378249,0.0,0,9,0.0,225.0,0.0,0.0,0,7.0,1.4
7827,2348412,5.0,1,368,0.0,7520.0,0.0,0.0,0,1.0,0.2
55669,3162281,0.0,0,21,0.0,364.0,0.0,0.0,0,7.0,1.5
380535,2678537,0.0,0,32,0.0,720.0,0.0,0.0,0,5.0,1.0
46171,2729112,3.0,1,2877,291.0,53520.0,0.8059488382902507,0.08723844980650958,6,1.0,0.3333333333333333
64755,2803743,0.0,0,24,0.0,429.0,0.0,0.0,0,5.0,1.05
10856,2517987,0.0,0,80,0.0,1960.0,0.0,0.0,0,5.0,1.0
975,2179279,3.0,1,140,125.0,2220.0,0.08655214707824377,0.0031103333945986075,1,1.0,0.3333333333333333
48400,2739448,5.0,1,81,0.0,1755.0,0.0,0.0,0,1.0,0.2
127979,2763382,0.0,0,108,0.0,1026.0,0.0,0.0,0,5.0,1.55
84145,2998375,0.0,0,350,0.0,6358.0,0.0,0.0,0,inf,inf
55965,2765246,5.0,1,1122,0.0,18205.0,0.0,0.0,0,1.0,0.2
16624,2497348,5.0,1,4650,125.0,100005.0,4.312909745889714,0.15811388300841897,1,1.0,0.2
7283,2337538,5.0,1,112,0.0,2460.0,0.0,0.0,0,1.0,0.2
24475,2603375,5.0,1,315,250.0,6048.0,2.958518132603433,0.11166203996354782,2,1.0,0.2
107341,2387694,0.0,0,30,0.0,650.0,0.0,0.0,0,5.0,1.0
355,2157093,5.0,1,14012,2091.0,252494.0,7.0244145952029475,0.34998102583882224,26,1.0,0.2
100165,2718073,0.0,0,9,0.0,182.0,0.0,0.0,0,5.0,1.4
10693,2337334,0.0,0,980,0.0,16672.0,0.0,0.0,0,5.0,1.0
1161566,3118305,0.0,0,9,0.0,210.0,0.0,0.0,0,7.0,1.45
449,2160317,3.0,1,264,0.0,2640.0,0.0,0.0,0,1.0,0.3333333333333333
1984930,2724191,0.0,0,16,0.0,270.0,0.0,0.0,0,7.0,1.5
7439,2340186,5.0,1,145,0.0,3014.0,0.0,0.0,0,1.0,0.2
1619037,2536707,0.0,0,24,0.0,414.0,0.0,0.0,0,5.0,1.15
5848,2307979,5.0,1,232,0.0,5244.0,0.0,0.0,0,1.0,0.2
671,2169218,5.0,1,504,475.0,11046.0,7.577630866945798,0.293405171000794,4,1.0,0.2
4308,2276941,5.0,1,879,0.0,18046.0,0.0,0.0,0,1.0,0.2
47507,2599906,0.0,0,25,0.0,576.0,0.0,0.0,0,5.0,1.1833333333333333
153523,2341515,0.0,0,32,0.0,510.0,0.0,0.0,0,5.0,1.0
15016,2475259,5.0,1,420,0.0,4320.0,0.0,0.0,0,1.0,0.2
11433,2418291,5.0,1,480,0.0,10400.0,0.0,0.0,0,1.0,0.2
10492,2395718,2.0,1,54,125.0,936.0,7.216878364870321,0.2886751345948129,1,1.0,0.5
19021,2532213,5.0,1,40,0.0,775.0,0.0,0.0,0,1.0,0.2
15931,2488379,4.0,1,2391,0.0,33825.0,0.0,0.0,0,1.0,0.25
4573,2283228,4.0,1,390,0.0,6666.0,0.0,0.0,0,1.0,0.25
98040,2363926,0.0,0,36,0.0,560.0,0.0,0.0,0,5.0,1.0
90474,2866465,5.0,1,15,0.0,294.0,0.0,0.0,0,1.0,0.2
87844,3015348,0.0,0,52,0.0,1140.0,0.0,0.0,0,7.0,1.4
15082,2798131,0.0,0,735,0.0,16225.0,0.0,0.0,0,5.0,1.0
93101,2158228,0.0,0,68,0.0,1078.0,0.0,0.0,0,5.0,1.0
53682,2427317,0.0,0,300,0.0,6960.0,0.0,0.0,0,5.0,1.0
1103796,2287443,0.0,0,27,0.0,387.0,0.0,0.0,0,5.0,1.1333333333333333
656562,2200739,0.0,0,24,0.0,338.0,0.0,0.0,0,7.0,1.45
34585,2665600,5.0,1,75,0.0,1449.0,0.0,0.0,0,1.0,0.2
221555,2914000,0.0,0,56,0.0,675.0,0.0,0.0,0,7.0,3.85
414286,2515321,0.0,0,12,0.0,176.0,0.0,0.0,0,5.0,1.4
1671108,2358752,0.0,0,9,0.0,110.0,0.0,0.0,0,5.0,1.1
24184,2344831,0.0,0,36,0.0,462.0,0.0,0.0,0,5.0,1.1333333333333333
25826,2611567,5.0,1,48,0.0,1026.0,0.0,0.0,0,1.0,0.2
243769,2217541,0.0,0,72,0.0,1326.0,0.0,0.0,0,5.0,1.0
1642481,3098876,0.0,0,48,0.0,754.0,0.0,0.0,0,inf,inf
3035,2239929,1.0,1,496,540.0,6578.0,0.7337625356203975,0.12452270163362873,31,1.0,0.9
10490,2395701,5.0,1,597,0.0,11760.0,0.0,0.0,0,1.0,0.2
62655,2193453,0.0,0,15,0.0,275.0,0.0,0.0,0,7.0,1.4
8970,2371429,4.0,1,108,280.0,1845.0,0.6186265333710588,0.025637505330491972,3,1.0,0.25
18430,2523815,3.0,1,90,0.0,1368.0,0.0,0.0,0,1.0,0.3333333333333333
19017,2532101,5.0,1,255,0.0,4958.0,0.0,0.0,0,1.0,0.2
5087,2293796,3.0,1,930,48.0,13978.0,0.11048065822730908,0.009344978201578834,1,1.0,0.3333333333333333
266285,2215422,0.0,0,20,0.0,304.0,0.0,0.0,0,5.0,1.2333333333333332
7222,2335862,4.0,1,285,0.0,5680.0,0.0,0.0,0,1.0,0.25
21025,2562262,1.0,1,316,0.0,1575.0,0.0,0.0,0,1.0,1.0
348263,2725179,0.0,0,40,0.0,645.0,0.0,0.0,0,5.0,1.0
89576,2864473,1.0,1,72,0.0,684.0,0.0,0.0,0,1.0,1.0
2031172,2703365,0.0,0,18,0.0,280.0,0.0,0.0,0,7.0,1.5
15679,2914533,0.0,0,27,0.0,615.0,0.0,0.0,0,inf,inf
5816,2307522,4.0,1,260,4645.0,5244.0,16.85390300929559,0.6780380552027138,43,1.0,0.25
5495,2717628,0.0,0,76,0.0,1242.0,0.0,0.0,0,5.0,1.05
11554,2282488,0.0,0,184,0.0,3007.0,0.0,0.0,0,5.0,1.05
67697,2670215,0.0,0,42,0.0,767.0,0.0,0.0,0,5.0,1.0
44217,2716815,4.0,1,752,0.0,11550.0,0.0,0.0,0,1.0,0.25
214970,2238887,0.0,0,45,0.0,551.0,0.0,0.0,0,5.0,1.05
26142,2613488,4.0,1,290,111.0,5523.0,0.21778352632351208,0.015393911611848297,2,1.0,0.25
47570,2735771,5.0,1,924,750.0,22840.0,21.978949497684454,0.8670818149444779,6,1.0,0.2
3398,2248570,5.0,1,90,125.0,2250.0,2.358910487801241,0.09128709291752768,1,1.0,0.2
2476,2225896,3.0,1,70,0.0,1232.0,0.0,0.0,0,1.0,0.3333333333333333
120498,2204640,0.0,0,108,0.0,2132.0,0.0,0.0,0,5.0,1.0
109038,2387865,0.0,0,27,0.0,473.0,0.0,0.0,0,5.0,1.45
22664,2174268,0.0,0,4992,328.0,87516.0,0.5429461944156071,0.0326656259230198,5,3.0,0.65
4228,2275409,4.0,1,176,64.0,3131.0,0.06039649747274741,0.003700405771740527,1,1.0,0.25
33755,2786112,0.0,0,12,0.0,240.0,0.0,0.0,0,7.0,1.7666666666666664
19648,2571202,0.0,0,54,0.0,696.0,0.0,0.0,0,5.0,1.05
3686,2259845,5.0,1,2047,125.0,42837.0,0.5088410855419984,0.015967841215554487,1,1.0,0.2
121735,2905325,5.0,1,50,0.0,1225.0,0.0,0.0,0,1.0,0.2
3231,2244565,5.0,1,2587,6990.0,57920.0,6.71191944644819,0.2773784902764214,64,1.0,0.2
93,2149386,5.0,1,216,50.0,4796.0,0.06881316776218792,0.005509830040894052,1,1.0,0.2
23406,2590844,5.0,1,1059,0.0,23160.0,0.0,0.0,0,1.0,0.2
5667,2587534,0.0,0,56,0.0,1206.0,0.0,0.0,0,5.0,1.05
376984,2346011,0.0,0,9,0.0,180.0,0.0,0.0,0,5.0,1.05
3156,2242538,5.0,1,2508,75.0,42750.0,0.7154547587901781,0.037986858819879316,1,1.0,0.2
1937,2208591,3.0,1,1510,6.0,22050.0,0.7071067811865476,0.2581988897471611,1,1.0,0.3333333333333333
1692697,2189862,0.0,0,49,0.0,675.0,0.0,0.0,0,5.0,1.05
738010,2404995,0.0,0,12,0.0,240.0,0.0,0.0,0,5.0,1.05
205198,2293162,0.0,0,80,0.0,1820.0,0.0,0.0,0,5.0,1.0
273217,2375631,0.0,0,93,100.0,1694.0,0.1838608103345357,0.008216618978461461,1,3.0,0.65
217536,2969952,5.0,1,15,125.0,375.0,5.103103630798288,0.20412414523193154,1,1.0,0.2
3300,2246293,5.0,1,360,570.0,8103.0,2.399380215480244,0.10981300580226688,6,1.0,0.2
2441,2225429,5.0,1,304,0.0,6052.0,0.0,0.0,0,1.0,0.2
22690,2952593,0.0,0,45,0.0,792.0,0.0,0.0,0,7.0,1.4
22981,2586488,5.0,1,140,0.0,1938.0,0.0,0.0,0,1.0,0.2
447124,3043818,4.0,1,70,0.0,1380.0,0.0,0.0,0,1.0,0.25
28987,2286869,0.0,0,65,0.0,1150.0,0.0,0.0,0,5.0,1.0
66431,2800553,5.0,1,21,0.0,525.0,0.0,0.0,0,1.0,0.2
17086,2838375,0.0,0,135,0.0,2460.0,0.0,0.0,0,5.0,1.3
3628,2256732,5.0,1,7245,125.0,151606.0,1.8133089162051859,0.0657951694959769,1,1.0,0.2
1698921,2167224,0.0,0,45,75.0,1005.0,0.1102504934051372,0.006195901032473602,1,3.0,0.7333333333333334
1230960,2450689,0.0,0,42,0.0,770.0,0.0,0.0,0,7.0,1.4
1759642,2247329,0.0,0,44,0.0,684.0,0.0,0.0,0,5.0,1.15
24235,2700557,0.0,0,444,0.0,7272.0,0.0,0.0,0,5.0,1.0
93357,2875334,4.0,1,1890,0.0,27250.0,0.0,0.0,0,1.0,0.25
16553,2665757,0.0,0,39,0.0,689.0,0.0,0.0,0,7.0,1.45
78096,2462322,0.0,0,78,0.0,1400.0,0.0,0.0,0,5.0,1.1333333333333333
24705,2226694,0.0,0,945,0.0,17666.0,0.0,0.0,0,5.0,1.0
2444,2225484,5.0,1,900,123.0,17200.0,0.8327336900254809,0.05387527915176601,2,1.0,0.2
2556,2227770,5.0,1,832,350.0,16812.0,1.3173934089903474,0.05015534588787859,3,1.0,0.2
3387,2248409,4.0,1,132,155.0,2100.0,0.877867121842743,0.04782245186658185,2,1.0,0.25
40748,2697765,1.0,1,222,0.0,2170.0,0.0,0.0,0,1.0,1.0
84131,3116423,0.0,0,48,0.0,1140.0,0.0,0.0,0,7.0,1.45
219232,2379802,0.0,0,12,0.0,132.0,0.0,0.0,0,5.0,1.0
23097,2149823,0.0,0,5900,41.0,69441.0,0.10803621655272783,0.026025797041051936,2,3.0,1.0
1406485,2170631,0.0,0,66,0.0,1170.0,0.0,0.0,0,7.0,1.45
973083,2456180,0.0,0,24,0.0,585.0,0.0,0.0,0,7.0,1.4
12959,2443903,4.0,1,63,0.0,1157.0,0.0,0.0,0,1.0,0.25
48717,2740783,5.0,1,144,0.0,3136.0,0.0,0.0,0,1.0,0.2
420446,2540255,0.0,0,15,0.0,350.0,0.0,0.0,0,5.0,1.05
46488,2730554,5.0,1,60,0.0,1248.0,0.0,0.0,0,1.0,0.2
1045105,2783326,0.0,0,20,0.0,475.0,0.0,0.0,0,7.0,1.4
1716183,3040152,0.0,0,9,0.0,150.0,0.0,0.0,0,5.0,1.15
11005,2412306,5.0,1,144,225.0,2788.0,4.459395022008332,0.1814125555069463,2,1.0,0.2
27856,2483210,0.0,0,21,0.0,336.0,0.0,0.0,0,5.0,1.0
8338,2358868,5.0,1,196,100.0,3175.0,0.1986450937095782,0.0075662103034379565,1,1.0,0.2
1280766,2941430,0.0,0,28,0.0,620.0,0.0,0.0,0,7.0,1.4
17323,2278853,0.0,0,490,0.0,9966.0,0.0,0.0,0,5.0,1.0
12540,3149335,0.0,0,231,0.0,4840.0,0.0,0.0,0,inf,inf
121551,2905217,2.0,1,12,0.0,168.0,0.0,0.0,0,1.0,0.5
26419,2615371,4.0,1,219,908.0,4264.0,1.7256184249409365,0.08810787251254693,11,1.0,0.25
1163486,2209217,0.0,0,15,0.0,286.0,0.0,0.0,0,5.0,1.05
8695,2366792,4.0,1,6240,8647.0,100224.0,29.881913800020506,1.8819451383739108,128,1.0,0.25
54526,2463990,0.0,0,39,0.0,754.0,0.0,0.0,0,5.0,1.05
376,2157901,4.0,1,474,125.0,8016.0,0.1451407733076824,0.005282361481427591,1,1.0,0.25
4182,2274386,4.0,1,565,0.0,11385.0,0.0,0.0,0,1.0,0.25
11221,2415315,5.0,1,381,130.0,7164.0,1.659858369150797,0.15039276151695505,3,1.0,0.2
204294,2802673,0.0,0,18,0.0,154.0,0.0,0.0,0,7.0,2.1999999999999997
82516,2436145,0.0,0,112,0.0,2250.0,0.0,0.0,0,5.0,1.0
3581,2254568,5.0,1,123,0.0,2685.0,0.0,0.0,0,1.0,0.2
3941,2266258,5.0,1,744,60.0,14840.0,0.23276804854010075,0.01582127969267633,1,1.0,0.2
1186902,2893166,0.0,0,66,0.0,1428.0,0.0,0.0,0,5.0,1.0
27217,2620514,3.0,1,309,0.0,4697.0,0.0,0.0,0,1.0,0.3333333333333333
11515,2763513,0.0,0,56,0.0,1280.0,0.0,0.0,0,7.0,1.4
46382,2914903,0.0,0,176,0.0,3040.0,0.0,0.0,0,inf,inf
32897,2345940,0.0,0,36,30.0,456.0,0.013856465581596958,0.002026301891672359,1,3.0,1.0333333333333332
1485,2195717,5.0,1,126,115.0,2415.0,3.2998622127678088,0.29016096644512496,2,1.0,0.2
3596,2255063,2.0,1,13202,1019.0,155005.0,2.7116700072560915,0.18938886266916544,17,1.0,0.5
320603,2476319,0.0,0,9,0.0,140.0,0.0,0.0,0,5.0,1.05
21344,2566967,4.0,1,48,0.0,799.0,0.0,0.0,0,1.0,0.25
9624,2383285,5.0,1,90,0.0,1651.0,0.0,0.0,0,1.0,0.2
84836,2853247,3.0,1,519,1851.0,7007.0,5.821475378904286,0.5386836728420272,39,1.0,0.3333333333333333
558,2164498,4.0,1,4606,1350.0,87768.0,6.150642986855583,0.28371293904806527,16,1.0,0.25
4991,2291740,4.0,1,7536,545.0,118380.0,6.197043398260362,0.33609130932814946,8,1.0,0.25
1657494,2280617,0.0,0,18,0.0,240.0,0.0,0.0,0,5.0,1.4
163142,2412997,0.0,0,15,0.0,242.0,0.0,0.0,0,7.0,1.7
1412252,2398232,0.0,0,12,0.0,280.0,0.0,0.0,0,5.0,1.05
40959,2698850,5.0,1,20,0.0,384.0,0.0,0.0,0,1.0,0.2
1094628,2992688,0.0,0,15,0.0,375.0,0.0,0.0,0,inf,inf
403,2158943,4.0,1,23290,10156.0,408375.0,34.08981175131315,1.7667837413919294,138,1.0,0.25
4944,2289840,5.0,1,72,0.0,1496.0,0.0,0.0,0,1.0,0.2
260546,2603098,0.0,0,44,0.0,522.0,0.0,0.0,0,5.0,1.75
9028,2372611,2.0,1,136,0.0,2115.0,0.0,0.0,0,1.0,0.5
1060574,2456713,0.0,0,30,0.0,660.0,0.0,0.0,0,5.0,1.0
2353,2222311,1.0,1,189970,9255.0,2892925.0,37.39347771045927,3.5977921198373464,158,1.0,0.6000000000000001
1228,2189052,5.0,1,66,175.0,1246.0,0.1566097023816685,0.007518627242899473,2,1.0,0.2
95708,2176912,0.0,0,125,0.0,1400.0,0.0,0.0,0,5.0,1.0
76397,2554373,0.0,0,102,0.0,1320.0,0.0,0.0,0,5.0,1.0
242421,2988927,4.0,1,33,0.0,611.0,0.0,0.0,0,1.0,0.25
7629,2344180,5.0,1,11080,7600.0,211302.0,9.231421097515394,0.3747836111594172,69,1.0,0.2
1069038,2617856,0.0,0,9,0.0,91.0,0.0,0.0,0,5.0,2.25
1135692,2170938,0.0,0,18,0.0,420.0,0.0,0.0,0,5.0,1.0
68263,2806905,5.0,1,369,0.0,7605.0,0.0,0.0,0,1.0,0.2
20056,2544672,5.0,1,225,0.0,4800.0,0.0,0.0,0,1.0,0.2
29625,2635667,4.0,1,159,0.0,3052.0,0.0,0.0,0,1.0,0.25
952052,2959343,0.0,0,12,0.0,300.0,0.0,0.0,0,inf,inf
226407,2721788,0.0,0,12,0.0,220.0,0.0,0.0,0,5.0,1.0
6210,2315239,4.0,1,7568,288.0,104000.0,0.8664513842103521,0.05423407144168424,4,1.0,0.25
6744,2326601,4.0,1,850,0.0,13140.0,0.0,0.0,0,1.0,0.25
23308,2691359,0.0,0,104,0.0,1950.0,0.0,0.0,0,5.0,1.0
6487,2367917,0.0,0,81,0.0,1612.0,0.0,0.0,0,5.0,1.05
26089,2613188,5.0,1,190,0.0,4600.0,0.0,0.0,0,1.0,0.2
35975,2797168,0.0,0,70,0.0,1206.0,0.0,0.0,0,5.0,1.9
1825212,2510542,0.0,0,16,0.0,320.0,0.0,0.0,0,5.0,1.1333333333333333
10801,2409065,4.0,1,156,0.0,2782.0,0.0,0.0,0,1.0,0.25
194265,2955476,5.0,1,80,0.0,1560.0,0.0,0.0,0,1.0,0.2
163467,3042002,0.0,0,9,0.0,150.0,0.0,0.0,0,inf,inf
8234,2355928,4.0,1,1746,721.0,34860.0,1.0022312750214681,0.05940381109091626,10,1.0,0.25
13516,2454292,2.0,1,240,50.0,2576.0,1.9492029389636263,0.15075567228888181,1,1.0,0.5
110539,2230472,0.0,0,210,0.0,4488.0,0.0,0.0,0,5.0,1.0
6851,2328512,5.0,1,984,0.0,17964.0,0.0,0.0,0,1.0,0.2
1120580,2341184,0.0,0,24,0.0,600.0,0.0,0.0,0,5.0,1.0
15711,2484876,3.0,1,68,0.0,1072.0,0.0,0.0,0,1.0,0.3333333333333333
2203,2215366,5.0,1,222,0.0,4785.0,0.0,0.0,0,1.0,0.2
8320,2358420,5.0,1,3153,600.0,75555.0,1.4107330847299104,0.05062198767833595,5,1.0,0.2
141205,2766584,0.0,0,24,0.0,540.0,0.0,0.0,0,7.0,1.4
46970,2732958,1.0,1,95,0.0,1207.0,0.0,0.0,0,1.0,1.0
501543,2687722,0.0,0,42,0.0,850.0,0.0,0.0,0,5.0,1.1833333333333331
1749367,2865638,0.0,0,9,0.0,182.0,0.0,0.0,0,7.0,1.4
16624,2497999,5.0,1,20150,525.0,393353.0,8.174346562428003,0.3806071948957526,5,1.0,0.2
1335,2191657,4.0,1,60,0.0,836.0,0.0,0.0,0,1.0,0.25
498466,3058937,5.0,1,45,0.0,836.0,0.0,0.0,0,1.0,0.2
254806,2467290,0.0,0,9,0.0,154.0,0.0,0.0,0,5.0,1.05
141,2150616,5.0,1,112,75.0,2176.0,0.060241138746483354,0.0030745371430969063,1,1.0,0.2
244800,2205646,0.0,0,120,0.0,1950.0,0.0,0.0,0,5.0,1.0
1755685,2506559,0.0,0,48,0.0,876.0,0.0,0.0,0,5.0,1.05
27583,2622735,5.0,1,40,0.0,855.0,0.0,0.0,0,1.0,0.2
11803,2423409,5.0,1,1252,0.0,26900.0,0.0,0.0,0,1.0,0.2
2064,2212216,5.0,1,55,0.0,1029.0,0.0,0.0,0,1.0,0.2
55840,2219256,0.0,0,21,0.0,174.0,0.0,0.0,0,5.0,1.3499999999999999
1987002,2687631,0.0,0,30,0.0,696.0,0.0,0.0,0,5.0,1.0
371979,2610848,0.0,0,16,0.0,300.0,0.0,0.0,0,7.0,1.4
19254,2535466,5.0,1,344,125.0,6340.0,2.886751345948129,0.09901475429766744,1,1.0,0.2
879291,2638581,0.0,0,18,0.0,286.0,0.0,0.0,0,5.0,1.1833333333333333
1877537,2892802,0.0,0,9,0.0,143.0,0.0,0.0,0,7.0,1.5499999999999998
72019,2818785,5.0,1,238,0.0,3444.0,0.0,0.0,0,1.0,0.2
22601,2581066,4.0,1,49,0.0,900.0,0.0,0.0,0,1.0,0.25
324896,2911073,0.0,0,12,0.0,270.0,0.0,0.0,0,5.0,1.0
7979,2352607,5.0,1,171,0.0,3872.0,0.0,0.0,0,1.0,0.2
103301,2318110,0.0,0,36,0.0,855.0,0.0,0.0,0,5.0,1.45
30323,2665464,0.0,0,30,0.0,598.0,0.0,0.0,0,7.0,1.45
202481,2758592,0.0,0,20,0.0,110.0,0.0,0.0,0,5.0,1.7999999999999998
578564,2964396,0.0,0,9,0.0,90.0,0.0,0.0,0,7.0,1.5333333333333332
5900,2308923,1.0,1,225,250.0,2880.0,0.14548678554232805,0.005239387884150492,2,1.0,0.6000000000000001
8869,2370038,5.0,1,332,0.0,6821.0,0.0,0.0,0,1.0,0.2
4626,2284253,5.0,1,976,225.0,17664.0,0.3916194895152411,0.01547384876864223,2,1.0,0.2
483170,2250537,0.0,0,40,0.0,544.0,0.0,0.0,0,5.0,1.05
706591,3180011,0.0,0,16,0.0,320.0,0.0,0.0,0,7.0,1.4
93782,2411653,0.0,0,105,0.0,1545.0,0.0,0.0,0,5.0,1.1333333333333333
