,node1,node2,weight,label,PA,LP_w,PA_w,L3_w,L3,LP,SP,SP_w
0,101498,2244585,0.0,0,225,0.0,4715.0,0.0,0.0,0,5.0,1.0
1,2898,2236635,4.0,1,22204,360.0,448256.0,0.3435012347075695,0.02064396934291545,5,1.0,0.25
2,1208,2188529,5.0,1,4530,425.0,95418.0,4.669735525460858,0.18283303609008297,4,1.0,0.2
3,23612,2593744,4.0,1,128,0.0,2128.0,0.0,0.0,0,1.0,0.25
4,249797,2227428,0.0,0,24,0.0,330.0,0.0,0.0,0,5.0,1.05
5,16806,2500526,5.0,1,55,0.0,882.0,0.0,0.0,0,1.0,0.2
6,11670,2207615,0.0,0,864,125.0,15675.0,0.23229466152876452,0.008928571428571428,1,3.0,0.6000000000000001
7,13811,2458913,5.0,1,1336,0.0,21896.0,0.0,0.0,0,1.0,0.2
8,196497,2686339,0.0,0,28,0.0,480.0,0.0,0.0,0,7.0,1.45
9,57686,2929411,0.0,0,9,0.0,154.0,0.0,0.0,0,7.0,1.4
10,12226,2433107,4.0,1,312,252.0,5184.0,3.485839849104427,0.2855386270556235,5,1.0,0.25
11,1942358,2602538,0.0,0,9,0.0,182.0,0.0,0.0,0,5.0,1.1333333333333333
12,831,2174256,4.0,1,3770,980.0,72380.0,8.321387340082715,0.3317795008138918,10,1.0,0.25
13,13237,3106191,0.0,0,48,0.0,1140.0,0.0,0.0,0,inf,inf
14,893,2176668,5.0,1,1140,1552.0,18340.0,18.168704561439252,0.845272336427065,19,1.0,0.2
15,92215,2872466,4.0,1,327,0.0,6110.0,0.0,0.0,0,1.0,0.25
16,16,2146523,5.0,1,3280,2026.0,50274.0,11.148902772267498,0.5494592710298679,22,1.0,0.2
17,27422,2621756,4.0,1,1581,604.0,26652.0,6.241438965143528,0.41200340295162924,10,1.0,0.25
18,13011,2445243,4.0,1,651,0.0,11360.0,0.0,0.0,0,1.0,0.25
19,279715,2358450,0.0,0,9,0.0,210.0,0.0,0.0,0,5.0,1.0
20,998745,2486205,0.0,0,15,0.0,208.0,0.0,0.0,0,5.0,1.4
21,592089,2230900,0.0,0,9,0.0,168.0,0.0,0.0,0,5.0,1.5333333333333332
22,15749,2485541,2.0,1,100,0.0,945.0,0.0,0.0,0,1.0,0.5
23,27055,2280893,0.0,0,39,0.0,910.0,0.0,0.0,0,5.0,1.0
24,15153,2477251,5.0,1,148,171.0,2460.0,1.4261297421239716,0.109891675859764,3,1.0,0.2
25,2530,2227133,3.0,1,55,230.0,861.0,0.9101062020381546,0.05147130987336146,3,1.0,0.3333333333333333
26,25976,2612290,4.0,1,216,0.0,3612.0,0.0,0.0,0,1.0,0.25
27,427706,2307065,0.0,0,60,0.0,1125.0,0.0,0.0,0,5.0,1.1333333333333333
28,1717,2201851,5.0,1,6954,2800.0,133334.0,12.868857922992905,0.6049451993092418,29,1.0,0.2
29,39963,2694074,5.0,1,35,0.0,513.0,0.0,0.0,0,1.0,0.2
30,11981,2428046,3.0,1,486,72.0,5778.0,0.22372278520511008,0.0390945107782743,3,1.0,0.3333333333333333
31,77868,3102899,0.0,0,72,0.0,1260.0,0.0,0.0,0,inf,inf
32,1391,2192621,5.0,1,248,0.0,4192.0,0.0,0.0,0,1.0,0.2
33,59895,2267633,0.0,0,368,0.0,3861.0,0.0,0.0,0,5.0,1.05
34,98109,2882881,0.0,0,15,0.0,315.0,0.0,0.0,0,7.0,1.4
35,613428,2751987,0.0,0,12,0.0,247.0,0.0,0.0,0,7.0,1.4
36,3596,2255063,2.0,1,13202,1019.0,155005.0,2.7116700072560915,0.18938886266916544,17,1.0,0.5
37,367979,2590446,0.0,0,33,0.0,371.0,0.0,0.0,0,5.0,1.4
38,10631,2397599,5.0,1,104,0.0,1989.0,0.0,0.0,0,1.0,0.2
39,41110,2157622,0.0,0,15,0.0,209.0,0.0,0.0,0,9.0,1.9333333333333331
40,213,2153043,5.0,1,2847,148.0,50402.0,0.08539768725482698,0.005131830943831106,2,1.0,0.2
41,2818,2234909,5.0,1,234,100.0,4796.0,0.12110940527472357,0.005813167553459632,1,1.0,0.2
42,34888,2667017,5.0,1,141,0.0,2758.0,0.0,0.0,0,1.0,0.2
43,1864805,3111832,0.0,0,28,0.0,612.0,0.0,0.0,0,inf,inf
44,2050490,2801802,0.0,0,20,0.0,391.0,0.0,0.0,0,7.0,1.45
45,2657,2231010,3.0,1,4220,347.0,61056.0,0.4781460104405274,0.02958290954222389,6,1.0,0.3333333333333333
46,1980353,2284508,0.0,0,32,0.0,680.0,0.0,0.0,0,7.0,1.45
47,460663,2657732,0.0,0,12,0.0,91.0,0.0,0.0,0,9.0,2.5999999999999996
48,1606702,2471819,0.0,0,120,0.0,1980.0,0.0,0.0,0,5.0,1.4
49,2049263,2324921,0.0,0,25,0.0,460.0,0.0,0.0,0,5.0,1.05
50,32891,2655393,2.0,1,939,1673.0,8688.0,18.655643111140144,1.3381325798870496,28,1.0,0.5
51,480591,2306781,0.0,0,200,64.0,3234.0,0.024845720220327598,0.0016689003155917748,1,3.0,0.75
52,1526,2196905,5.0,1,490,240.0,10176.0,0.5576276728392102,0.027499370817353985,3,1.0,0.2
53,1109079,2250798,0.0,0,28,0.0,306.0,0.0,0.0,0,5.0,1.0
54,30256,2284632,0.0,0,27,0.0,450.0,0.0,0.0,0,5.0,1.05
55,606934,2295562,0.0,0,174,80.0,3225.0,1.20838201181185,0.06900655593423542,1,3.0,0.7
56,1235,2189144,5.0,1,182,305.0,3480.0,1.2146412021881545,0.06118981162244323,4,1.0,0.2
57,183822,2358158,0.0,0,15,0.0,200.0,0.0,0.0,0,5.0,1.4
58,57127,2259065,0.0,0,42,0.0,480.0,0.0,0.0,0,5.0,1.05
59,18920,2530445,4.0,1,2445,0.0,41477.0,0.0,0.0,0,1.0,0.25
60,379492,2541938,0.0,0,84,0.0,1314.0,0.0,0.0,0,5.0,1.0
61,5078,2328845,0.0,0,48,0.0,1000.0,0.0,0.0,0,5.0,1.05
62,176502,2225467,0.0,0,12,0.0,300.0,0.0,0.0,0,5.0,1.0
63,727,2170706,5.0,1,35,0.0,735.0,0.0,0.0,0,1.0,0.2
64,266224,2525090,0.0,0,12,0.0,300.0,0.0,0.0,0,7.0,1.5333333333333332
65,3262,2245341,4.0,1,3424,22557.0,63891.0,29.235052976964056,1.453363877560063,210,1.0,0.25
66,3656,2374301,0.0,0,186,0.0,2560.0,0.0,0.0,0,5.0,1.1333333333333333
67,1194052,2186068,0.0,0,144,0.0,2299.0,0.0,0.0,0,5.0,1.7999999999999998
68,311052,2832750,0.0,0,16,0.0,324.0,0.0,0.0,0,5.0,1.2333333333333334
69,3813,2261934,2.0,1,161,0.0,1729.0,0.0,0.0,0,1.0,0.5
70,59951,2206626,0.0,0,63,0.0,1120.0,0.0,0.0,0,5.0,1.05
71,369682,2460328,0.0,0,9,0.0,156.0,0.0,0.0,0,5.0,1.1333333333333333
72,62958,2706285,0.0,0,12,0.0,285.0,0.0,0.0,0,7.0,1.45
73,17371,2510041,5.0,1,531,1795.0,10455.0,1.4612934415515635,0.07134167492508259,18,1.0,0.2
74,9448,2380559,5.0,1,90,0.0,1900.0,0.0,0.0,0,1.0,0.2
75,627511,3016703,0.0,0,12,0.0,56.0,0.0,0.0,0,5.0,1.3
76,22009,2574481,4.0,1,87,313.0,1220.0,5.9856187129029275,0.6665736347976274,10,1.0,0.25
77,1709559,2201559,0.0,0,93,0.0,1664.0,0.0,0.0,0,5.0,1.0
78,17336,2509823,3.0,1,24,0.0,322.0,0.0,0.0,0,1.0,0.3333333333333333
79,13912,2461130,2.0,1,57,45.0,730.0,1.3860924831758192,0.11180339887498948,1,1.0,0.5
80,15958,2384744,0.0,0,104,0.0,2183.0,0.0,0.0,0,7.0,1.7999999999999998
81,249227,2212749,0.0,0,15,0.0,72.0,0.0,0.0,0,5.0,1.7999999999999998
82,221690,2916142,0.0,0,9,0.0,225.0,0.0,0.0,0,inf,inf
83,2769,2233791,5.0,1,5390,1315.0,80288.0,5.997945248705368,0.5767636884384881,20,1.0,0.2
84,68025,2151058,0.0,0,1122,0.0,17336.0,0.0,0.0,0,5.0,1.4
85,10964,2411881,5.0,1,720,125.0,15566.0,2.385826392974451,0.0890870806374748,1,1.0,0.2
86,2673,2231527,5.0,1,392,456.0,7227.0,1.1849517253640864,0.08098114194642772,10,1.0,0.2
87,13597,2455592,5.0,1,21,350.0,495.0,4.368102330244945,0.15788419087135752,3,1.0,0.2
88,413416,3034880,3.0,1,15,0.0,234.0,0.0,0.0,0,1.0,0.3333333333333333
89,223092,2973572,4.0,1,9,0.0,168.0,0.0,0.0,0,1.0,0.25
90,1438336,2422230,0.0,0,12,0.0,252.0,0.0,0.0,0,5.0,1.05
91,159667,2210906,0.0,0,32,50.0,551.0,0.13937366833451512,0.010700849841736613,1,3.0,0.9
92,10468,2394854,5.0,1,98,100.0,1972.0,0.06664984340717667,0.002969569354582493,1,1.0,0.2
93,863691,2708746,0.0,0,9,0.0,182.0,0.0,0.0,0,inf,inf
94,11978,2428025,3.0,1,660,501.0,10455.0,3.2992811533907522,0.24675591214386727,8,1.0,0.3333333333333333
95,12584,2438899,5.0,1,1332,1006.0,26075.0,1.4374952873819034,0.0756292461749314,21,1.0,0.2
96,17577,2513293,4.0,1,288,228.0,3276.0,1.735545323474858,0.09325918684275233,3,1.0,0.25
97,1146756,2337078,0.0,0,9,0.0,150.0,0.0,0.0,0,5.0,1.3499999999999999
98,2718,2232582,4.0,1,315,256.0,4875.0,4.281836551536911,0.28099182851960475,4,1.0,0.25
99,61359,2181618,0.0,0,5320,1542.0,88574.0,4.423831701075761,0.2914275115112847,29,3.0,0.6000000000000001
100,8686,2366530,4.0,1,2275,0.0,37033.0,0.0,0.0,0,1.0,0.25
101,3407,2249604,5.0,1,19968,815.0,409165.0,16.481061482014518,0.7456615545350186,8,1.0,0.2
102,1643450,2225886,0.0,0,12,0.0,140.0,0.0,0.0,0,7.0,1.7499999999999998
103,913080,2518019,0.0,0,64,0.0,1332.0,0.0,0.0,0,5.0,1.0
104,155648,2269994,0.0,0,30,0.0,705.0,0.0,0.0,0,5.0,1.05
105,1491,2196009,5.0,1,2313,125.0,41724.0,7.905694150420948,0.31622776601683794,1,1.0,0.2
106,143775,3161649,0.0,0,12,0.0,220.0,0.0,0.0,0,5.0,1.45
107,50434,2354185,0.0,0,102,0.0,1909.0,0.0,0.0,0,5.0,1.0
108,135,2150529,5.0,1,117,625.0,2688.0,5.245892824342353,0.19474666111800154,5,1.0,0.2
109,1335660,2195514,0.0,0,28,0.0,589.0,0.0,0.0,0,5.0,1.0
110,105700,2769955,0.0,0,9,0.0,195.0,0.0,0.0,0,7.0,1.5333333333333332
111,1235839,2330757,0.0,0,60,0.0,1440.0,0.0,0.0,0,5.0,1.0
112,139618,2218092,0.0,0,300,0.0,6156.0,0.0,0.0,0,5.0,1.4
113,13713,2457102,3.0,1,2320,434.0,36421.0,2.4537289430828975,0.18209803401709693,9,1.0,0.3333333333333333
114,63523,2289151,0.0,0,49,0.0,288.0,0.0,0.0,0,5.0,1.1
115,192607,2223932,0.0,0,36,0.0,518.0,0.0,0.0,0,5.0,1.0
116,4044,2269046,4.0,1,1136,0.0,19198.0,0.0,0.0,0,1.0,0.25
117,1296737,2523379,0.0,0,32,0.0,608.0,0.0,0.0,0,5.0,1.0
118,1524511,2233660,0.0,0,442,60.0,6156.0,0.02448834767074273,0.001498206783259562,1,3.0,0.7833333333333333
119,24687,2605227,5.0,1,795,0.0,19485.0,0.0,0.0,0,1.0,0.2
120,10281,2392349,2.0,1,294,184.0,3363.0,0.26262334423238776,0.02347580553802768,3,1.0,0.5
121,51009,3220088,0.0,0,16,0.0,342.0,0.0,0.0,0,inf,inf
122,36285,2677281,0.0,0,120,0.0,1288.0,0.0,0.0,0,5.0,1.1833333333333333
123,181266,2377980,0.0,0,72,0.0,1404.0,0.0,0.0,0,5.0,1.0
124,126466,2208023,0.0,0,40,0.0,880.0,0.0,0.0,0,5.0,1.0
125,60735,2781636,5.0,1,646,15.0,12104.0,0.12068941599426,0.030860669992418384,1,1.0,0.2
126,18576,2525650,4.0,1,76,0.0,1136.0,0.0,0.0,0,1.0,0.25
127,403195,2221468,0.0,0,12,0.0,200.0,0.0,0.0,0,5.0,1.05
128,177594,2349260,0.0,0,40,0.0,714.0,0.0,0.0,0,5.0,1.05
129,925372,2755492,0.0,0,9,0.0,225.0,0.0,0.0,0,7.0,1.4
130,13463,2453314,3.0,1,72,275.0,1221.0,1.785488921063787,0.07912786887604861,3,1.0,0.3333333333333333
131,271656,2346104,0.0,0,12,0.0,130.0,0.0,0.0,0,5.0,1.05
132,153832,2768232,0.0,0,12,0.0,126.0,0.0,0.0,0,5.0,1.05
133,175831,2339038,0.0,0,15,0.0,240.0,0.0,0.0,0,5.0,1.4
134,1638534,2286687,0.0,0,44,0.0,612.0,0.0,0.0,0,7.0,1.45
135,5,2146150,5.0,1,204,0.0,4320.0,0.0,0.0,0,1.0,0.2
136,621271,2255239,0.0,0,75,0.0,1200.0,0.0,0.0,0,5.0,1.0
137,12990,2444298,5.0,1,356,80.0,5908.0,0.04470059479299116,0.004559518098111526,2,1.0,0.2
138,45716,2163478,0.0,0,4710,995.0,89452.0,1.8799712545171796,0.09755201112192073,11,3.0,0.6000000000000001
139,61,2148454,5.0,1,565,0.0,10944.0,0.0,0.0,0,1.0,0.2
140,8625,2365306,4.0,1,1704,325.0,36428.0,5.593068864420868,0.21732907880858196,3,1.0,0.25
141,51892,2752065,3.0,1,84,0.0,1080.0,0.0,0.0,0,1.0,0.3333333333333333
142,2138775,2257596,0.0,0,16,75.0,288.0,0.02805402106565951,0.0017385258352737134,1,3.0,0.7333333333333334
143,3645,2258008,4.0,1,744,880.0,14174.0,0.9792899120060751,0.03997786517130441,8,1.0,0.25
144,395998,2513191,0.0,0,15,0.0,280.0,0.0,0.0,0,5.0,1.1833333333333333
145,9471,2381180,4.0,1,117,0.0,2236.0,0.0,0.0,0,1.0,0.25
146,4282,2276353,5.0,1,378,0.0,8694.0,0.0,0.0,0,1.0,0.2
147,1747472,2294001,0.0,0,12,0.0,102.0,0.0,0.0,0,7.0,1.45
148,133194,2331538,0.0,0,90,0.0,1325.0,0.0,0.0,0,5.0,1.0
149,1606380,2631736,0.0,0,15,0.0,264.0,0.0,0.0,0,inf,inf
150,1804178,2464166,0.0,0,12,0.0,170.0,0.0,0.0,0,5.0,1.05
151,212285,2363006,0.0,0,16,0.0,221.0,0.0,0.0,0,5.0,1.4833333333333334
152,3245,2244737,5.0,1,192,0.0,4212.0,0.0,0.0,0,1.0,0.2
153,46843,2321604,0.0,0,390,210.0,8325.0,0.17403094288709714,0.00874564209092217,3,3.0,0.6000000000000001
154,213889,2410121,0.0,0,12,0.0,216.0,0.0,0.0,0,7.0,1.9333333333333331
155,14761,2471105,4.0,1,54,0.0,918.0,0.0,0.0,0,1.0,0.25
156,408930,2468788,0.0,0,21,0.0,420.0,0.0,0.0,0,7.0,1.4
157,1145909,2348698,0.0,0,20,0.0,450.0,0.0,0.0,0,5.0,1.0
158,91606,2262895,0.0,0,68,0.0,1020.0,0.0,0.0,0,5.0,1.0
159,380290,2460025,0.0,0,93,0.0,792.0,0.0,0.0,0,5.0,1.1333333333333333
160,467544,2358706,0.0,0,78,0.0,1443.0,0.0,0.0,0,inf,inf
161,42455,2706514,5.0,1,988,0.0,23460.0,0.0,0.0,0,1.0,0.2
162,8850,2369652,2.0,1,48,0.0,710.0,0.0,0.0,0,1.0,0.5
163,88106,2702800,0.0,0,35,0.0,750.0,0.0,0.0,0,5.0,1.05
164,524338,2148306,0.0,0,164,0.0,1526.0,0.0,0.0,0,5.0,1.45
165,1759542,2300580,0.0,0,30,0.0,296.0,0.0,0.0,0,5.0,1.3666666666666665
166,159229,2255762,0.0,0,42,0.0,184.0,0.0,0.0,0,inf,inf
167,44916,2839064,0.0,0,40,0.0,888.0,0.0,0.0,0,5.0,1.15
168,59541,2304939,0.0,0,1625,0.0,23305.0,0.0,0.0,0,5.0,1.05
169,7023,2425167,0.0,0,57,0.0,1275.0,0.0,0.0,0,5.0,1.0
170,2066753,2651316,0.0,0,24,0.0,570.0,0.0,0.0,0,5.0,1.1
171,707608,2513724,0.0,0,25,0.0,528.0,0.0,0.0,0,7.0,1.4
172,13060,2446728,1.0,1,480,0.0,5778.0,0.0,0.0,0,1.0,1.0
173,16350,2494395,5.0,1,66,0.0,1320.0,0.0,0.0,0,1.0,0.2
174,11841,2425381,1.0,1,408,25.0,4455.0,0.09008087849168986,0.01496710850223124,1,1.0,1.0
175,9872,2386269,5.0,1,388,0.0,6608.0,0.0,0.0,0,1.0,0.2
176,22694,2581948,1.0,1,168,0.0,1235.0,0.0,0.0,0,1.0,1.0
177,1137802,2181639,0.0,0,725,125.0,12453.0,0.030637957986966658,0.001090653277086506,1,3.0,0.6000000000000001
178,1974,2210109,4.0,1,304,0.0,5831.0,0.0,0.0,0,1.0,0.25
179,4490,2281450,3.0,1,7923,9152.0,70688.0,25.49728928863544,3.2835295356485292,349,1.0,0.3333333333333333
180,1519615,3319089,0.0,0,9,0.0,210.0,0.0,0.0,0,7.0,1.4
181,37632,2683148,5.0,1,18,0.0,390.0,0.0,0.0,0,1.0,0.2
182,1758567,2318203,0.0,0,27,0.0,510.0,0.0,0.0,0,5.0,1.05
183,81505,2843281,5.0,1,51,0.0,1140.0,0.0,0.0,0,1.0,0.2
184,44145,2716482,5.0,1,124,0.0,2774.0,0.0,0.0,0,1.0,0.2
185,18495,2524480,5.0,1,1364,0.0,28380.0,0.0,0.0,0,1.0,0.2
186,12058,2429831,5.0,1,11550,475.0,211128.0,3.3381714756116887,0.11789645010444039,4,1.0,0.2
187,8689,2366729,5.0,1,1924,701.0,30210.0,5.285914417714899,0.34937508000413137,9,1.0,0.2
188,94931,2324035,0.0,0,72,0.0,504.0,0.0,0.0,0,5.0,1.1833333333333333
189,4222,2275268,5.0,1,91,80.0,1508.0,0.5110178273275607,0.025949964805384102,1,1.0,0.2
190,13086,2393963,0.0,0,98,0.0,1595.0,0.0,0.0,0,5.0,1.05
191,1445969,2162443,0.0,0,240,0.0,1968.0,0.0,0.0,0,5.0,1.0
192,891144,3145624,5.0,1,18,0.0,406.0,0.0,0.0,0,1.0,0.2
193,3339,2246816,5.0,1,176,350.0,4212.0,2.3713216544841202,0.0938937321945143,3,1.0,0.2
194,1727679,2313625,0.0,0,60,0.0,960.0,0.0,0.0,0,5.0,1.45
195,13355,2452150,3.0,1,390,160.0,7832.0,0.728361336489151,0.047419381842192666,3,1.0,0.3333333333333333
196,4440,2280248,2.0,1,5104,140.0,70395.0,0.29804617165455743,0.014909323010354036,2,1.0,0.5
197,39262,2691028,4.0,1,39,0.0,528.0,0.0,0.0,0,1.0,0.25
198,2077,2212443,3.0,1,399,575.0,5159.0,14.048305719272628,0.7294813766310542,7,1.0,0.3333333333333333
199,483,2161736,3.0,1,1248,120.0,19596.0,1.1777506945667322,0.07066739852311864,2,1.0,0.3333333333333333
200,89310,2496952,0.0,0,60,0.0,902.0,0.0,0.0,0,5.0,1.1833333333333331
201,27379,2621438,4.0,1,292,0.0,4806.0,0.0,0.0,0,1.0,0.25
202,63899,2790935,4.0,1,50,0.0,800.0,0.0,0.0,0,1.0,0.25
203,9726,2384636,5.0,1,540,0.0,12175.0,0.0,0.0,0,1.0,0.2
204,53510,2535456,0.0,0,36,0.0,294.0,0.0,0.0,0,5.0,1.0
205,174446,2299295,0.0,0,392,0.0,7296.0,0.0,0.0,0,5.0,1.0
206,13485,2453807,2.0,1,3356,0.0,40290.0,0.0,0.0,0,1.0,0.5
207,85188,2854224,4.0,1,12,0.0,247.0,0.0,0.0,0,1.0,0.25
208,133392,2367300,0.0,0,28,0.0,480.0,0.0,0.0,0,5.0,1.1833333333333333
209,27645,2623099,5.0,1,2336,0.0,30480.0,0.0,0.0,0,1.0,0.2
210,18864,2529650,5.0,1,2212,0.0,36672.0,0.0,0.0,0,1.0,0.2
211,133093,3115719,0.0,0,9,0.0,132.0,0.0,0.0,0,7.0,1.4
212,584231,2418125,0.0,0,88,0.0,1295.0,0.0,0.0,0,5.0,1.0
213,17059,2506204,4.0,1,924,1580.0,13032.0,0.9132302340798427,0.052174165387842204,19,1.0,0.25
214,22284,2578031,3.0,1,452,0.0,6732.0,0.0,0.0,0,1.0,0.3333333333333333
215,534885,2817327,0.0,0,32,0.0,800.0,0.0,0.0,0,5.0,1.0
216,229982,2621361,0.0,0,27,0.0,574.0,0.0,0.0,0,5.0,1.0999999999999999
217,17650,2240021,0.0,0,36,0.0,588.0,0.0,0.0,0,7.0,1.4
218,31370,2647320,4.0,1,65,0.0,1232.0,0.0,0.0,0,1.0,0.25
219,129789,2341831,0.0,0,15,0.0,150.0,0.0,0.0,0,5.0,1.1833333333333333
220,549,2163527,3.0,1,5180,2214.0,55775.0,4.513788015065364,0.42370885842684536,60,1.0,0.3333333333333333
221,13904,2460961,5.0,1,760,212.0,10800.0,4.1988293312341725,0.2915006843022123,3,1.0,0.2
222,20786,2268432,0.0,0,104,0.0,1862.0,0.0,0.0,0,5.0,1.05
223,338284,2173936,0.0,0,18,0.0,308.0,0.0,0.0,0,5.0,1.0
224,117242,2337931,0.0,0,12,0.0,135.0,0.0,0.0,0,5.0,1.05
225,188428,2155925,0.0,0,170,0.0,2755.0,0.0,0.0,0,5.0,1.05
226,150228,2774120,0.0,0,12,0.0,225.0,0.0,0.0,0,5.0,1.05
227,250535,2587020,0.0,0,9,0.0,154.0,0.0,0.0,0,5.0,1.05
228,1750,2335423,0.0,0,424,0.0,7410.0,0.0,0.0,0,5.0,1.05
229,376,2157864,2.0,1,316,106.0,3674.0,0.4268643376513382,0.04121996176266277,2,1.0,0.5
230,8212,2355440,1.0,1,200,0.0,2028.0,0.0,0.0,0,1.0,1.0
231,63009,2299525,0.0,0,112,0.0,2048.0,0.0,0.0,0,5.0,1.0
232,471618,2506593,0.0,0,9,0.0,75.0,0.0,0.0,0,5.0,1.6666666666666665
233,2421,2224980,5.0,1,80,0.0,1377.0,0.0,0.0,0,1.0,0.2
234,9709,2384246,5.0,1,57,0.0,984.0,0.0,0.0,0,1.0,0.2
235,1160623,2190298,0.0,0,48,0.0,874.0,0.0,0.0,0,5.0,1.1833333333333333
236,3974,2266742,4.0,1,39,0.0,610.0,0.0,0.0,0,1.0,0.25
237,147763,2588052,0.0,0,12,0.0,120.0,0.0,0.0,0,5.0,1.45
238,7037,2332125,1.0,1,249,186.0,1435.0,0.08791282280270837,0.010416723835025676,5,1.0,0.9
239,18475,2524192,5.0,1,36,0.0,714.0,0.0,0.0,0,1.0,0.2
240,185185,2548936,0.0,0,36,0.0,728.0,0.0,0.0,0,5.0,1.0
241,28911,2630491,1.0,1,24,0.0,220.0,0.0,0.0,0,1.0,1.0
242,16714,2499468,4.0,1,675,0.0,13376.0,0.0,0.0,0,1.0,0.25
243,101452,2440987,0.0,0,15,0.0,312.0,0.0,0.0,0,5.0,1.05
244,53468,2912922,0.0,0,42,0.0,600.0,0.0,0.0,0,7.0,1.7166666666666666
245,21742,2571953,5.0,1,687,455.0,15855.0,1.533487908305235,0.06041860928736989,4,1.0,0.2
246,22708,2582145,3.0,1,702,325.0,13208.0,0.37765458678550146,0.015670375079111988,3,1.0,0.3333333333333333
247,42133,2704719,5.0,1,300,0.0,6734.0,0.0,0.0,0,1.0,0.2
248,2253,2218423,5.0,1,7843,8962.0,165168.0,59.71726054184953,2.677063299129627,93,1.0,0.2
249,617085,2177191,0.0,0,9,0.0,168.0,0.0,0.0,0,7.0,1.4
250,4051,2270486,5.0,1,7982,1175.0,165294.0,4.12220854465941,0.21644278846227485,11,1.0,0.2
251,36079,2674183,5.0,1,56,0.0,1360.0,0.0,0.0,0,1.0,0.2
252,95888,2421687,0.0,0,36,0.0,728.0,0.0,0.0,0,5.0,1.0
253,8753,2367535,5.0,1,95,0.0,2150.0,0.0,0.0,0,1.0,0.2
254,41022,2699302,5.0,1,30,0.0,602.0,0.0,0.0,0,1.0,0.2
255,1852927,2507019,0.0,0,54,0.0,720.0,0.0,0.0,0,5.0,1.05
256,224145,2218783,0.0,0,69,0.0,1442.0,0.0,0.0,0,5.0,1.05
257,1418100,3128205,0.0,0,9,0.0,225.0,0.0,0.0,0,inf,inf
258,1703235,2205521,0.0,0,182,0.0,2398.0,0.0,0.0,0,5.0,1.05
259,21348,2567483,3.0,1,1737,0.0,28864.0,0.0,0.0,0,1.0,0.3333333333333333
260,37418,2681816,5.0,1,27,0.0,574.0,0.0,0.0,0,1.0,0.2
261,367994,2548772,0.0,0,21,0.0,455.0,0.0,0.0,0,5.0,1.0
262,370112,2911044,0.0,0,9,0.0,180.0,0.0,0.0,0,5.0,1.0
263,77,2148889,2.0,1,496,160.0,7973.0,1.7158536125456982,0.10026844453841241,2,1.0,0.5
264,35348,2261347,0.0,0,77,0.0,1700.0,0.0,0.0,0,5.0,1.0
265,87433,2859756,5.0,1,2128,0.0,38950.0,0.0,0.0,0,1.0,0.2
266,384507,2391093,0.0,0,20,0.0,460.0,0.0,0.0,0,5.0,1.0
267,2016422,2235529,0.0,0,204,0.0,3091.0,0.0,0.0,0,5.0,1.0
268,30106,2684411,0.0,0,32,0.0,760.0,0.0,0.0,0,7.0,1.7499999999999998
269,173779,2701876,0.0,0,36,0.0,528.0,0.0,0.0,0,5.0,1.0
270,212419,2805094,0.0,0,12,0.0,120.0,0.0,0.0,0,5.0,1.4
271,1938695,2211168,0.0,0,210,0.0,3157.0,0.0,0.0,0,5.0,1.0
272,25166,2150079,0.0,0,55,0.0,1175.0,0.0,0.0,0,7.0,1.5
273,21666,2570686,5.0,1,2020,0.0,45050.0,0.0,0.0,0,1.0,0.2
274,1239,2189280,4.0,1,364,0.0,5572.0,0.0,0.0,0,1.0,0.25
275,1826767,2820309,0.0,0,15,0.0,325.0,0.0,0.0,0,5.0,1.3499999999999999
276,868696,3110209,0.0,0,16,0.0,320.0,0.0,0.0,0,7.0,1.5
277,2807,2234558,5.0,1,5562,63970.0,128700.0,149.17367542567203,6.110906915289835,577,1.0,0.2
278,44905,2244571,0.0,0,360,250.0,5841.0,0.3905337557468158,0.014210069066421308,2,3.0,0.6000000000000001
279,71354,2178729,0.0,0,12,0.0,234.0,0.0,0.0,0,9.0,1.8499999999999999
280,49272,2743379,5.0,1,33,0.0,756.0,0.0,0.0,0,1.0,0.2
281,2376,2152527,0.0,0,387,0.0,7356.0,0.0,0.0,0,5.0,1.1833333333333333
282,6791,2327380,4.0,1,480,0.0,9213.0,0.0,0.0,0,1.0,0.25
283,24345,2601597,5.0,1,105,0.0,1334.0,0.0,0.0,0,1.0,0.2
284,379211,2420528,0.0,0,9,0.0,99.0,0.0,0.0,0,7.0,1.6833333333333333
285,2073313,2292553,0.0,0,9,0.0,182.0,0.0,0.0,0,5.0,1.0
286,942,2178264,5.0,1,280,0.0,6403.0,0.0,0.0,0,1.0,0.2
287,1864987,2273239,0.0,0,18,0.0,435.0,0.0,0.0,0,5.0,1.0
288,475109,2415510,0.0,0,28,475.0,580.0,1.0292431256015808,0.03826718966622545,4,3.0,0.6000000000000001
289,1054893,2346758,0.0,0,12,0.0,210.0,0.0,0.0,0,5.0,1.05
290,379750,2676715,0.0,0,9,0.0,225.0,0.0,0.0,0,7.0,1.4
291,6220,2315520,5.0,1,442,625.0,9462.0,3.1395911562497107,0.14565585754463709,7,1.0,0.2
292,33748,2519465,0.0,0,70,0.0,1435.0,0.0,0.0,0,5.0,1.1333333333333333
293,47427,2735156,4.0,1,129,0.0,1782.0,0.0,0.0,0,1.0,0.25
294,5151,2294601,4.0,1,140,225.0,2662.0,0.2298289190740606,0.009694869566525129,2,1.0,0.25
295,41885,2836682,0.0,0,24,0.0,450.0,0.0,0.0,0,inf,inf
296,84810,2853170,5.0,1,330,0.0,8000.0,0.0,0.0,0,1.0,0.2
297,7607,2148583,0.0,0,117,0.0,1904.0,0.0,0.0,0,5.0,1.4
298,623648,2175419,0.0,0,343,0.0,6058.0,0.0,0.0,0,5.0,1.05
299,622149,2557403,0.0,0,33,0.0,495.0,0.0,0.0,0,5.0,1.05
300,11943,2427467,5.0,1,168,205.0,3492.0,1.730827114963462,0.06466505650109693,2,1.0,0.2
301,30149,2442380,0.0,0,30,0.0,506.0,0.0,0.0,0,5.0,1.0
302,20898,2554770,5.0,1,32984,0.0,771440.0,0.0,0.0,0,1.0,0.2
303,1319,2191366,4.0,1,1540,3207.0,27664.0,16.21898382621173,0.933125413472091,49,1.0,0.25
304,27795,2304536,0.0,0,242,0.0,3800.0,0.0,0.0,0,5.0,1.2666666666666666
305,7916,2350900,5.0,1,4629,0.0,82610.0,0.0,0.0,0,1.0,0.2
306,52919,2754922,5.0,1,50,0.0,924.0,0.0,0.0,0,1.0,0.2
307,1054,2181778,3.0,1,323,0.0,2584.0,0.0,0.0,0,1.0,0.3333333333333333
308,2143,2214022,5.0,1,420,125.0,10064.0,3.9430018617281988,0.1543033499620919,1,1.0,0.2
309,1627452,2294605,0.0,0,24,0.0,240.0,0.0,0.0,0,5.0,1.45
310,15627,2483321,4.0,1,42,0.0,840.0,0.0,0.0,0,1.0,0.25
311,13639,2456069,4.0,1,408,0.0,7644.0,0.0,0.0,0,1.0,0.25
312,611888,2168272,0.0,0,372,375.0,7635.0,0.3972061286258974,0.02663383332132303,4,3.0,0.6000000000000001
313,23476,2246368,0.0,0,238,100.0,4512.0,0.05299179699600651,0.002406880031597367,1,3.0,0.65
314,142528,2243026,0.0,0,640,0.0,9453.0,0.0,0.0,0,5.0,1.0
315,22206,2576362,5.0,1,690,64.0,12493.0,0.44681560942253323,0.02515773027133138,1,1.0,0.2
316,22858,2584899,4.0,1,465,0.0,9534.0,0.0,0.0,0,1.0,0.25
317,10116,2390028,5.0,1,1128,676.0,19764.0,2.3890309469093727,0.16167260243962103,10,1.0,0.2
318,41357,2320488,0.0,0,450,0.0,7540.0,0.0,0.0,0,5.0,1.0
319,9611,2383059,5.0,1,300,655.0,6705.0,0.6686041554929689,0.02513449923247024,6,1.0,0.2
320,11437,2418335,5.0,1,65,0.0,1239.0,0.0,0.0,0,1.0,0.2
321,5947,2309668,5.0,1,1524,0.0,36495.0,0.0,0.0,0,1.0,0.2
322,217300,2374177,0.0,0,250,0.0,2832.0,0.0,0.0,0,5.0,1.2333333333333334
323,6418,2319222,4.0,1,9176,4577.0,188224.0,31.883822355555786,1.6448642872673516,58,1.0,0.25
324,6851,2328382,5.0,1,1312,0.0,28443.0,0.0,0.0,0,1.0,0.2
325,17967,2518401,5.0,1,904,0.0,17353.0,0.0,0.0,0,1.0,0.2
326,15953,2488921,2.0,1,4184,385.0,59148.0,14.875626432405637,0.8470961838322411,7,1.0,0.5
327,515,2162549,1.0,1,144,75.0,1363.0,0.9018488817072785,0.048795003647426664,1,1.0,0.7333333333333334
328,61036,2782534,4.0,1,24,0.0,351.0,0.0,0.0,0,1.0,0.25
329,111613,2289857,0.0,0,56,0.0,1054.0,0.0,0.0,0,5.0,1.0
330,4808,2287249,5.0,1,68,0.0,1079.0,0.0,0.0,0,1.0,0.2
331,32568,2653688,4.0,1,116,0.0,1806.0,0.0,0.0,0,1.0,0.25
332,2062675,2967126,0.0,0,12,0.0,48.0,0.0,0.0,0,inf,inf
333,6629,2324986,5.0,1,125,510.0,2856.0,7.365857336030676,0.3368638915324964,5,1.0,0.2
334,13648,2456148,3.0,1,371,0.0,7688.0,0.0,0.0,0,1.0,0.3333333333333333
335,1698,2201473,4.0,1,840,280.0,12000.0,1.4233533029196783,0.08356207550927487,4,1.0,0.25
336,20898,2554734,4.0,1,24738,2828.0,501436.0,13.197830867306404,0.609604339919162,28,1.0,0.25
337,6873,2328994,5.0,1,160,135.0,2136.0,0.29987210850496115,0.03466398598635141,3,1.0,0.2
338,8067,2353587,4.0,1,612,720.0,11853.0,3.9276816698647297,0.15594860230346863,8,1.0,0.25
339,129209,2154220,0.0,0,36,0.0,885.0,0.0,0.0,0,5.0,1.3166666666666667
340,17852,2517027,4.0,1,39,0.0,728.0,0.0,0.0,0,1.0,0.25
341,14163,2493662,0.0,0,126,0.0,1848.0,0.0,0.0,0,5.0,1.05
342,2416,2224916,5.0,1,126,710.0,2208.0,9.135514034108644,0.4615081152910978,9,1.0,0.2
343,4527,2282279,5.0,1,565,0.0,10960.0,0.0,0.0,0,1.0,0.2
344,774470,2521781,0.0,0,9,0.0,154.0,0.0,0.0,0,7.0,1.4
345,20119,2545556,2.0,1,68,0.0,832.0,0.0,0.0,0,1.0,0.5
346,527434,2264714,0.0,0,20,0.0,384.0,0.0,0.0,0,7.0,1.4
347,1009,2180047,4.0,1,646,180.0,9664.0,0.31753053821728133,0.014310681260319948,2,1.0,0.25
348,444641,2218549,0.0,0,15,0.0,345.0,0.0,0.0,0,7.0,1.45
349,9125,2374346,5.0,1,78,0.0,1320.0,0.0,0.0,0,1.0,0.2
350,2073201,2158640,0.0,0,42,0.0,756.0,0.0,0.0,0,5.0,1.05
351,2130685,2283661,0.0,0,180,0.0,3315.0,0.0,0.0,0,5.0,1.0
352,9221,2375968,5.0,1,1664,0.0,32838.0,0.0,0.0,0,1.0,0.2
353,159052,2977509,0.0,0,9,0.0,96.0,0.0,0.0,0,9.0,2.4499999999999997
354,4366,2278300,5.0,1,820,1915.0,15875.0,12.857237705391931,0.6064324598076476,24,1.0,0.2
355,56,2148342,5.0,1,84,0.0,1275.0,0.0,0.0,0,1.0,0.2
356,34906,2667149,5.0,1,93,27.0,1651.0,2.2983926330486213,0.2886751345948129,1,1.0,0.2
357,33225,2657371,5.0,1,2232,500.0,52515.0,5.438182301889719,0.21645163029693124,4,1.0,0.2
358,563,2164883,5.0,1,1494,9650.0,32967.0,32.54582822904272,1.3474584596227301,84,1.0,0.2
359,417223,2298122,0.0,0,20,0.0,475.0,0.0,0.0,0,9.0,1.7999999999999998
360,3105,2241365,4.0,1,176,0.0,3038.0,0.0,0.0,0,1.0,0.25
361,226502,2976189,4.0,1,27,0.0,518.0,0.0,0.0,0,1.0,0.25
362,3216,2244217,3.0,1,900,100.0,16280.0,0.6815823444323804,0.028038607704602217,1,1.0,0.3333333333333333
363,189920,2952361,4.0,1,18,0.0,294.0,0.0,0.0,0,1.0,0.25
364,18688,2527290,5.0,1,234,0.0,5696.0,0.0,0.0,0,1.0,0.2
365,528446,2612555,0.0,0,9,0.0,84.0,0.0,0.0,0,inf,inf
366,24049,2598349,5.0,1,15,0.0,270.0,0.0,0.0,0,1.0,0.2
367,2214,2215758,3.0,1,546,132.0,8096.0,1.9267628181625256,0.19806108770535927,3,1.0,0.3333333333333333
368,301,2155665,3.0,1,594,122.0,7896.0,0.4971197477463299,0.04177535504796142,4,1.0,0.3333333333333333
369,1196,2187764,5.0,1,112,0.0,2482.0,0.0,0.0,0,1.0,0.2
370,56362,2766584,5.0,1,672,0.0,13320.0,0.0,0.0,0,1.0,0.2
371,5892,2246044,0.0,0,196,0.0,3640.0,0.0,0.0,0,5.0,1.0
372,1606892,3005518,0.0,0,12,0.0,300.0,0.0,0.0,0,7.0,1.5
373,92649,2873377,3.0,1,185,0.0,2576.0,0.0,0.0,0,1.0,0.3333333333333333
374,189557,2221491,0.0,0,21,140.0,450.0,0.03158501515279852,0.002763229169888416,3,3.0,0.8999999999999999
375,8917,2370802,2.0,1,240,0.0,3300.0,0.0,0.0,0,1.0,0.5
376,7690,2345394,5.0,1,4225,20.0,65862.0,0.36202430712799827,0.07412493166611012,1,1.0,0.2
377,24851,2606054,5.0,1,444,171.0,6291.0,1.0671553667538771,0.08049921406734069,3,1.0,0.2
378,1542283,2190977,0.0,0,68,0.0,1377.0,0.0,0.0,0,7.0,1.4
379,6679,2325802,5.0,1,168,0.0,3150.0,0.0,0.0,0,1.0,0.2
380,1160,2186641,3.0,1,598,710.0,11988.0,3.140884563176698,0.1825810840443915,9,1.0,0.3333333333333333
381,141163,3113413,0.0,0,12,0.0,270.0,0.0,0.0,0,inf,inf
382,16185,2492381,3.0,1,198,0.0,1896.0,0.0,0.0,0,1.0,0.3333333333333333
383,8679,2537691,0.0,0,99,0.0,1053.0,0.0,0.0,0,7.0,1.4
384,53591,2489662,0.0,0,21,0.0,300.0,0.0,0.0,0,5.0,1.8
385,282925,2230946,0.0,0,64,0.0,1330.0,0.0,0.0,0,5.0,1.05
386,18807,2528636,3.0,1,9723,6346.0,132363.0,15.144683931775322,1.035038054256708,121,1.0,0.3333333333333333
387,630624,2323854,0.0,0,39,0.0,812.0,0.0,0.0,0,7.0,1.4
388,172109,2186626,0.0,0,56,0.0,1120.0,0.0,0.0,0,5.0,1.1333333333333333
389,1478380,2185308,0.0,0,45,0.0,427.0,0.0,0.0,0,7.0,1.6666666666666665
390,1329932,2634838,0.0,0,24,0.0,570.0,0.0,0.0,0,5.0,1.0
391,54393,2192753,0.0,0,56,0.0,969.0,0.0,0.0,0,5.0,1.1333333333333333
392,3814,2262129,5.0,1,2072,225.0,45526.0,2.651022286960332,0.1003819232196202,2,1.0,0.2
393,65446,2796948,2.0,1,63,0.0,847.0,0.0,0.0,0,1.0,0.5
394,84180,3002872,0.0,0,24,0.0,540.0,0.0,0.0,0,inf,inf
395,38611,2688028,2.0,1,150,0.0,2310.0,0.0,0.0,0,1.0,0.5
396,19122,2533638,4.0,1,1278,0.0,14250.0,0.0,0.0,0,1.0,0.25
397,56747,2972229,0.0,0,21,0.0,465.0,0.0,0.0,0,inf,inf
398,11998,2428237,5.0,1,252,125.0,5487.0,0.10767271523236899,0.0035471922891501598,1,1.0,0.2
399,40437,2644978,0.0,0,375,0.0,6594.0,0.0,0.0,0,5.0,1.1333333333333333
400,127704,2946923,0.0,0,16,0.0,323.0,0.0,0.0,0,9.0,1.8499999999999999
401,3628,2256880,5.0,1,14490,900.0,314041.0,1.265019174100851,0.09931080245016805,17,1.0,0.2
402,117424,2202082,0.0,0,44,0.0,816.0,0.0,0.0,0,5.0,1.05
403,146266,2589482,0.0,0,9,0.0,120.0,0.0,0.0,0,5.0,1.4
404,7283,2337537,4.0,1,168,0.0,2706.0,0.0,0.0,0,1.0,0.25
405,165630,2188202,0.0,0,28,125.0,640.0,0.17427667737658864,0.006577524062394743,1,3.0,0.6000000000000001
406,1655380,2712265,0.0,0,24,0.0,464.0,0.0,0.0,0,7.0,1.8
407,11830,2425262,4.0,1,44,0.0,700.0,0.0,0.0,0,1.0,0.25
408,11950,2427532,5.0,1,552,0.0,11690.0,0.0,0.0,0,1.0,0.2
409,4366,2278353,4.0,1,492,1663.0,6985.0,4.7630530123015475,0.27698442974391924,22,1.0,0.25
410,359524,2507504,0.0,0,36,0.0,660.0,0.0,0.0,0,5.0,1.05
411,151682,3000034,0.0,0,25,0.0,483.0,0.0,0.0,0,7.0,2.2
412,2014260,2385123,0.0,0,12,0.0,180.0,0.0,0.0,0,7.0,1.7
413,21124,2975530,0.0,0,45,0.0,945.0,0.0,0.0,0,7.0,1.5
414,22446,2579465,5.0,1,2384,0.0,39420.0,0.0,0.0,0,1.0,0.2
415,212293,2947627,0.0,0,12,0.0,300.0,0.0,0.0,0,7.0,1.4
416,35970,2537455,0.0,0,32,0.0,740.0,0.0,0.0,0,5.0,1.0
417,1903903,2667613,0.0,0,117,0.0,1860.0,0.0,0.0,0,5.0,1.05
418,4893,2288889,4.0,1,372,263.0,5640.0,0.23017263091337048,0.012719200720894809,4,1.0,0.25
419,17654,2513980,4.0,1,207,0.0,4017.0,0.0,0.0,0,1.0,0.25
420,5021,2292561,5.0,1,1200,0.0,24200.0,0.0,0.0,0,1.0,0.2
421,89805,2389665,0.0,0,56,0.0,832.0,0.0,0.0,0,5.0,1.4
422,1714960,2582016,0.0,0,18,0.0,390.0,0.0,0.0,0,5.0,1.05
423,76517,2950342,0.0,0,21,0.0,130.0,0.0,0.0,0,5.0,1.1833333333333333
424,228573,2152634,0.0,0,205,0.0,3588.0,0.0,0.0,0,5.0,1.0
425,4277,2276317,5.0,1,750,0.0,15631.0,0.0,0.0,0,1.0,0.2
426,17510,2512099,5.0,1,950,125.0,21285.0,4.534226563187573,0.17677669529663687,1,1.0,0.2
427,815311,2146489,0.0,0,20,0.0,456.0,0.0,0.0,0,5.0,1.0
428,27343,2319725,0.0,0,84,0.0,624.0,0.0,0.0,0,5.0,1.5333333333333332
429,19043,3116881,0.0,0,1525,0.0,23544.0,0.0,0.0,0,inf,inf
430,607,2166195,4.0,1,92,125.0,1919.0,6.099375455928333,0.23570226039551587,1,1.0,0.25
431,234238,3008197,0.0,0,12,0.0,280.0,0.0,0.0,0,9.0,2.9000000000000004
432,420854,2935901,0.0,0,9,0.0,180.0,0.0,0.0,0,9.0,1.8499999999999999
433,185858,2462160,0.0,0,36,0.0,783.0,0.0,0.0,0,5.0,1.0
434,217101,2302439,0.0,0,27,0.0,540.0,0.0,0.0,0,5.0,1.1333333333333333
435,32473,2653273,5.0,1,128,40.0,2660.0,0.11903812977901783,0.011925059893763724,1,1.0,0.2
436,48943,2212334,0.0,0,6600,1270.0,135850.0,1.4441476340387456,0.07077205221097692,14,3.0,0.6000000000000001
437,31555,2648492,2.0,1,135,0.0,1672.0,0.0,0.0,0,1.0,0.5
438,15953,2489037,5.0,1,5230,2610.0,123225.0,12.706124036162938,0.4734134314537051,22,1.0,0.2
439,191157,2743761,0.0,0,16,0.0,400.0,0.0,0.0,0,5.0,1.05
440,77806,2647411,0.0,0,9,0.0,225.0,0.0,0.0,0,7.0,1.4
441,2682,2231649,4.0,1,90,100.0,1647.0,0.07568099531339696,0.0031588521628968533,1,1.0,0.25
442,59576,2170116,0.0,0,55,0.0,1125.0,0.0,0.0,0,5.0,1.0
443,117842,2247387,0.0,0,64,0.0,1292.0,0.0,0.0,0,5.0,1.0
444,10662,2398420,5.0,1,43785,200.0,805434.0,0.9514450763687408,0.041434343025866474,2,1.0,0.2
445,112547,2187839,0.0,0,12,0.0,252.0,0.0,0.0,0,5.0,1.1
446,74041,2524135,0.0,0,335,0.0,5022.0,0.0,0.0,0,5.0,1.0
447,48269,2208565,0.0,0,132,0.0,2288.0,0.0,0.0,0,5.0,1.05
448,1684,2201075,4.0,1,535,8.0,8514.0,0.004436308403751243,0.002180248679392979,1,1.0,0.25
449,65851,2220031,0.0,0,15,0.0,238.0,0.0,0.0,0,5.0,1.1333333333333333
450,627511,2181578,0.0,0,87,0.0,903.0,0.0,0.0,0,5.0,1.0
451,53442,2756579,5.0,1,81,0.0,1610.0,0.0,0.0,0,1.0,0.2
452,1247316,2725408,0.0,0,9,0.0,225.0,0.0,0.0,0,5.0,1.05
453,57217,2769618,5.0,1,68,0.0,1380.0,0.0,0.0,0,1.0,0.2
454,39708,2209251,0.0,0,136,0.0,2196.0,0.0,0.0,0,5.0,1.05
455,51954,2277233,0.0,0,30,0.0,506.0,0.0,0.0,0,5.0,1.1833333333333331
456,957004,2408463,0.0,0,24,0.0,264.0,0.0,0.0,0,5.0,1.05
457,5096,2293955,5.0,1,620,555.0,9652.0,0.797580454297256,0.03472848191829544,6,1.0,0.2
458,8900,2370589,5.0,1,1036,4573.0,19723.0,36.939291209769266,2.022603947465039,61,1.0,0.2
459,60930,2747460,0.0,0,15,0.0,375.0,0.0,0.0,0,5.0,1.05
460,1116250,2863253,0.0,0,9,0.0,156.0,0.0,0.0,0,5.0,1.6166666666666667
461,89550,2645562,0.0,0,20,0.0,273.0,0.0,0.0,0,5.0,1.0
462,135277,2709567,0.0,0,12,0.0,270.0,0.0,0.0,0,5.0,1.05
463,65507,2797166,4.0,1,40,0.0,495.0,0.0,0.0,0,1.0,0.25
464,11593,2823243,0.0,0,20,0.0,294.0,0.0,0.0,0,7.0,1.7
465,1658834,2532492,0.0,0,36,0.0,192.0,0.0,0.0,0,5.0,1.6666666666666665
466,608024,3163198,0.0,0,15,0.0,286.0,0.0,0.0,0,inf,inf
467,13542,2454679,5.0,1,786,252.0,13958.0,0.4127505559184838,0.027945187955137122,4,1.0,0.2
468,760607,2701244,0.0,0,42,0.0,855.0,0.0,0.0,0,5.0,1.05
469,41855,2716832,0.0,0,162,0.0,3430.0,0.0,0.0,0,5.0,1.0
470,16899,2501438,4.0,1,1656,1025.0,26364.0,0.8747083547162441,0.05041741586079921,12,1.0,0.25
471,2342,2220642,4.0,1,12320,7535.0,211616.0,12.226454618178014,0.6494927438535028,105,1.0,0.25
472,105357,2893170,5.0,1,16,0.0,340.0,0.0,0.0,0,1.0,0.2
473,451918,2497295,0.0,0,12,0.0,180.0,0.0,0.0,0,5.0,1.0
474,16390,2494751,4.0,1,100,0.0,1771.0,0.0,0.0,0,1.0,0.25
475,1623846,2770807,0.0,0,24,0.0,396.0,0.0,0.0,0,5.0,1.35
476,24029,2598078,5.0,1,49,75.0,1023.0,0.07816147708284384,0.003899591344239564,1,1.0,0.2
477,122951,2346327,0.0,0,9,0.0,154.0,0.0,0.0,0,5.0,1.0999999999999999
478,67026,2671736,0.0,0,18,0.0,300.0,0.0,0.0,0,7.0,1.4
479,1621972,2399759,0.0,0,30,0.0,462.0,0.0,0.0,0,5.0,1.05
480,2118606,2167550,0.0,0,24,0.0,507.0,0.0,0.0,0,5.0,1.0
481,49411,2351652,0.0,0,20,0.0,450.0,0.0,0.0,0,9.0,1.8499999999999999
482,81498,2843266,3.0,1,145,16.0,1875.0,0.06007739950992034,0.01551553494879347,1,1.0,0.3333333333333333
483,412213,2309510,0.0,0,45,0.0,784.0,0.0,0.0,0,5.0,1.05
484,60079,3306566,0.0,0,24,0.0,279.0,0.0,0.0,0,7.0,2.5
485,17080,2506688,5.0,1,459,0.0,10150.0,0.0,0.0,0,1.0,0.2
486,75157,2688994,0.0,0,15,0.0,345.0,0.0,0.0,0,7.0,1.4
487,788548,2945268,0.0,0,21,0.0,351.0,0.0,0.0,0,7.0,1.5
488,946967,2416304,0.0,0,18,0.0,450.0,0.0,0.0,0,9.0,1.7999999999999998
489,7112,2333600,5.0,1,468,0.0,10602.0,0.0,0.0,0,1.0,0.2
490,20898,2557245,5.0,1,65968,18284.0,1311448.0,103.04043743390304,5.875939721279643,239,1.0,0.2
491,2059445,2291759,0.0,0,20,0.0,400.0,0.0,0.0,0,5.0,1.0
492,394625,2192942,0.0,0,16,0.0,76.0,0.0,0.0,0,5.0,1.7999999999999998
493,5121,2294191,3.0,1,609,0.0,12276.0,0.0,0.0,0,1.0,0.3333333333333333
494,119424,2287829,0.0,0,56,0.0,616.0,0.0,0.0,0,7.0,1.45
495,4664,2284932,5.0,1,2442,865.0,53214.0,3.1678346167254565,0.131784139103818,8,1.0,0.2
496,1759488,2579693,0.0,0,21,0.0,405.0,0.0,0.0,0,5.0,1.0
497,44316,2717281,2.0,1,2684,0.0,34608.0,0.0,0.0,0,1.0,0.5
498,55714,2279477,0.0,0,240,0.0,4699.0,0.0,0.0,0,5.0,1.0
499,111808,2898000,1.0,1,30,0.0,320.0,0.0,0.0,0,1.0,1.0
500,1940,2208831,5.0,1,3872,817.0,73970.0,5.7499667827221055,0.4390479454785918,15,1.0,0.2
501,25516,2165738,0.0,0,468,0.0,7236.0,0.0,0.0,0,5.0,1.0
502,86495,2350610,0.0,0,15,0.0,360.0,0.0,0.0,0,5.0,1.0
503,4366,2278306,3.0,1,984,5675.0,16510.0,5.512409099614209,0.2791885100918876,65,1.0,0.3333333333333333
504,459,2160846,3.0,1,21018,19755.0,343420.0,56.491732944357665,3.1529909491847583,282,1.0,0.3333333333333333
505,204746,2659219,0.0,0,12,0.0,180.0,0.0,0.0,0,7.0,1.4
506,421740,2282703,0.0,0,25,0.0,475.0,0.0,0.0,0,5.0,1.3
507,11971,2427925,4.0,1,42,306.0,660.0,1.0318736189076447,0.06424976179550451,5,1.0,0.25
508,94354,2420962,0.0,0,44,0.0,972.0,0.0,0.0,0,5.0,1.1
509,14447,2571584,0.0,0,63,0.0,1305.0,0.0,0.0,0,5.0,1.05
510,1718,2201860,3.0,1,3024,1719.0,48755.0,8.300156136432076,0.5187468395518581,25,1.0,0.3333333333333333
511,2005360,3166307,0.0,0,12,0.0,270.0,0.0,0.0,0,inf,inf
512,1373017,2310253,0.0,0,12,0.0,200.0,0.0,0.0,0,5.0,1.05
513,851628,2358265,0.0,0,24,0.0,570.0,0.0,0.0,0,5.0,1.0
514,52738,2743085,0.0,0,42,0.0,783.0,0.0,0.0,0,5.0,1.3499999999999999
515,19481,2537911,5.0,1,2535,14565.0,49556.0,72.24838195840316,3.055331101167714,144,1.0,0.2
516,12053,2428957,5.0,1,225,250.0,4859.0,0.5000089777083894,0.018344350014952444,2,1.0,0.2
517,11768,2422673,4.0,1,1104,189.0,15356.0,3.0466656422801526,0.18660685454167003,4,1.0,0.25
518,35215,2572867,0.0,0,471,0.0,6182.0,0.0,0.0,0,5.0,1.05
519,22675,2581744,4.0,1,870,204.0,18090.0,1.4925856341123824,0.09608333744185125,3,1.0,0.25
520,2231,2216134,2.0,1,1660,897.0,15708.0,2.4806696277543345,0.22446320065223271,21,1.0,0.5
521,90208,2537573,0.0,0,90,0.0,1645.0,0.0,0.0,0,5.0,1.0999999999999999
522,42925,2710430,5.0,1,180,0.0,4040.0,0.0,0.0,0,1.0,0.2
523,1753791,2522008,0.0,0,30,0.0,364.0,0.0,0.0,0,5.0,1.4999999999999998
524,569834,2213527,0.0,0,24,0.0,322.0,0.0,0.0,0,7.0,1.45
525,191483,2765505,0.0,0,25,0.0,600.0,0.0,0.0,0,7.0,1.45
526,13649,2456157,3.0,1,54,80.0,876.0,0.2811937763050912,0.014997375688861584,1,1.0,0.3333333333333333
527,172660,2202578,0.0,0,27,0.0,288.0,0.0,0.0,0,5.0,1.1333333333333333
528,198444,2958190,4.0,1,114,0.0,2301.0,0.0,0.0,0,1.0,0.25
529,1987264,2859684,0.0,0,20,0.0,414.0,0.0,0.0,0,5.0,1.4
530,25370,2609034,4.0,1,525,0.0,8200.0,0.0,0.0,0,1.0,0.25
531,14953,2307663,0.0,0,900,0.0,18369.0,0.0,0.0,0,5.0,1.0
532,46067,2728568,5.0,1,1421,0.0,33330.0,0.0,0.0,0,1.0,0.2
533,58378,2773520,5.0,1,21,120.0,455.0,3.3805947688221165,0.2465022306567374,2,1.0,0.2
534,160052,2933826,1.0,1,9,0.0,48.0,0.0,0.0,0,1.0,1.0
535,7375,2339032,5.0,1,5180,3975.0,108675.0,6.119096839857343,0.35155329750965886,52,1.0,0.2
536,13732,2457805,5.0,1,1803,0.0,39998.0,0.0,0.0,0,1.0,0.2
537,2353,2221409,4.0,1,6908,567.0,94850.0,1.1171235334804026,0.11493411454959043,13,1.0,0.25
538,32149,2174784,0.0,0,165,0.0,3775.0,0.0,0.0,0,5.0,1.4
539,128652,3046101,0.0,0,24,0.0,128.0,0.0,0.0,0,inf,inf
540,170616,2311595,0.0,0,9,0.0,165.0,0.0,0.0,0,5.0,1.1833333333333333
541,27083,2619204,3.0,1,285,1035.0,4400.0,12.085342440928562,0.6421955835800546,14,1.0,0.3333333333333333
542,4377,2278703,5.0,1,96,0.0,1551.0,0.0,0.0,0,1.0,0.2
543,6015,2310789,5.0,1,150,230.0,3168.0,0.2053131441635969,0.008583126794268462,3,1.0,0.2
544,1787075,2288107,0.0,0,33,0.0,810.0,0.0,0.0,0,5.0,1.0
545,1865524,2558779,0.0,0,9,0.0,225.0,0.0,0.0,0,5.0,1.0
546,137946,2349144,0.0,0,16,0.0,270.0,0.0,0.0,0,7.0,1.45
547,193908,2278940,0.0,0,39,0.0,870.0,0.0,0.0,0,7.0,1.4
548,99889,3136702,0.0,0,48,0.0,1140.0,0.0,0.0,0,inf,inf
549,7938,2351895,3.0,1,488,125.0,8064.0,7.216878364870321,0.2886751345948129,1,1.0,0.3333333333333333
550,3617,2255666,5.0,1,363,0.0,7007.0,0.0,0.0,0,1.0,0.2
551,11821,2424658,5.0,1,14352,2245.0,339986.0,9.329766564930592,0.41659293176647194,24,1.0,0.2
552,14732,2470762,5.0,1,231,250.0,5445.0,0.3778016856784655,0.014068204097306958,2,1.0,0.2
553,9130,2374480,5.0,1,510,0.0,10452.0,0.0,0.0,0,1.0,0.2
554,22693,2581940,3.0,1,84,0.0,1155.0,0.0,0.0,0,1.0,0.3333333333333333
555,879,2176189,5.0,1,171,0.0,2651.0,0.0,0.0,0,1.0,0.2
556,3454,2251555,2.0,1,5317,1049.0,91685.0,4.188344545001703,0.26394842418128317,19,1.0,0.5
557,95003,2652974,0.0,0,24,0.0,580.0,0.0,0.0,0,5.0,1.0
558,109898,2896563,4.0,1,15,0.0,322.0,0.0,0.0,0,1.0,0.25
559,71434,2285464,0.0,0,27,0.0,450.0,0.0,0.0,0,5.0,1.05
560,51658,2294851,0.0,0,42,0.0,858.0,0.0,0.0,0,5.0,1.0
561,1111458,2601500,0.0,0,9,0.0,180.0,0.0,0.0,0,inf,inf
562,1232350,2954272,0.0,0,36,0.0,810.0,0.0,0.0,0,7.0,1.4
563,3737,2260940,5.0,1,228,16.0,4290.0,0.13947360875088133,0.03241018617760822,1,1.0,0.2
564,194396,3110760,0.0,0,12,0.0,182.0,0.0,0.0,0,7.0,2.3333333333333335
565,41854,2179223,0.0,0,76,0.0,1328.0,0.0,0.0,0,5.0,1.5
566,19481,2537864,5.0,1,5070,120.0,99112.0,1.2294263168622004,0.08361371762540543,2,1.0,0.2
567,1620246,2450406,0.0,0,20,0.0,299.0,0.0,0.0,0,5.0,1.3499999999999999
568,4492,2281488,4.0,1,7316,2205.0,127558.0,7.633092424588924,0.5457414846508671,33,1.0,0.25
569,1672553,2616022,0.0,0,16,0.0,304.0,0.0,0.0,0,7.0,1.45
570,1417800,2352591,0.0,0,135,0.0,2375.0,0.0,0.0,0,7.0,1.4
571,24191,2600156,3.0,1,135,0.0,1441.0,0.0,0.0,0,1.0,0.3333333333333333
572,28981,2631673,1.0,1,728,0.0,10150.0,0.0,0.0,0,1.0,1.0
573,571780,2385811,0.0,0,15,0.0,231.0,0.0,0.0,0,5.0,1.1
574,13888,2460748,5.0,1,484,250.0,11660.0,10.915381184339147,0.4180169142013062,2,1.0,0.2
575,823186,2456410,0.0,0,18,0.0,280.0,0.0,0.0,0,5.0,1.1
576,1853215,2225450,0.0,0,21,0.0,390.0,0.0,0.0,0,5.0,1.05
577,15780,2485768,3.0,1,128,80.0,2058.0,1.5775510814638252,0.1689643416102684,2,1.0,0.3333333333333333
578,7660,2344979,4.0,1,242,275.0,2108.0,1.3155213981346159,0.07378988535998914,4,1.0,0.25
579,99018,2211082,0.0,0,828,0.0,16280.0,0.0,0.0,0,5.0,1.0
580,1552336,2175692,0.0,0,99,0.0,1160.0,0.0,0.0,0,5.0,1.05
581,7692,2346093,4.0,1,676,100.0,9367.0,0.28415627732363924,0.011904761904761904,1,1.0,0.25
582,143721,2417647,0.0,0,20,0.0,361.0,0.0,0.0,0,7.0,1.4
583,1887135,2655383,0.0,0,33,0.0,650.0,0.0,0.0,0,5.0,1.0
584,2097877,2968842,0.0,0,16,0.0,400.0,0.0,0.0,0,7.0,1.45
585,1703167,2312848,0.0,0,28,0.0,558.0,0.0,0.0,0,5.0,1.05
586,367291,3023864,5.0,1,16,0.0,400.0,0.0,0.0,0,1.0,0.2
587,563,2164799,5.0,1,7470,7517.0,147741.0,26.56680490692056,1.3218249194884006,80,1.0,0.2
588,18374,2523163,5.0,1,36,0.0,900.0,0.0,0.0,0,1.0,0.2
589,11989,2428169,3.0,1,536,89.0,5092.0,2.0037076212016838,0.22492919348652507,2,1.0,0.3333333333333333
590,1756027,2159703,0.0,0,143,0.0,2256.0,0.0,0.0,0,5.0,1.0
591,19528,2538463,5.0,1,1653,0.0,33232.0,0.0,0.0,0,1.0,0.2
592,1142,2184642,5.0,1,13273,5905.0,264311.0,6.128063659275581,0.3069188328691278,62,1.0,0.2
593,1706,2201586,4.0,1,648,0.0,6935.0,0.0,0.0,0,1.0,0.25
594,56758,2233232,0.0,0,312,0.0,4095.0,0.0,0.0,0,5.0,1.05
595,22830,2583722,5.0,1,92,0.0,2100.0,0.0,0.0,0,1.0,0.2
596,1755939,2927172,0.0,0,24,0.0,360.0,0.0,0.0,0,inf,inf
597,242,2154021,1.0,1,12800,1213.0,90538.0,2.673597673244424,0.39968578295065293,38,1.0,0.65
598,121745,2905334,5.0,1,35,0.0,650.0,0.0,0.0,0,1.0,0.2
599,195,2152668,5.0,1,2037,4503.0,35280.0,10.181596458890727,0.5632782952202572,64,1.0,0.2
600,53419,2756476,5.0,1,1876,0.0,45480.0,0.0,0.0,0,1.0,0.2
601,15128,2476742,4.0,1,310,0.0,4655.0,0.0,0.0,0,1.0,0.25
602,7119,2333694,5.0,1,18,0.0,420.0,0.0,0.0,0,1.0,0.2
603,1617804,2381680,0.0,0,18,0.0,308.0,0.0,0.0,0,5.0,1.0
604,18462,2524092,5.0,1,114,250.0,2430.0,0.9030779775357576,0.0330523917221639,2,1.0,0.2
605,43873,2715235,3.0,1,2055,0.0,29076.0,0.0,0.0,0,1.0,0.3333333333333333
606,535348,2394561,0.0,0,28,0.0,512.0,0.0,0.0,0,5.0,1.0
607,17050,2505643,5.0,1,5885,3695.0,115225.0,11.669869573033441,0.5280539018650899,37,1.0,0.2
608,29580,2186037,0.0,0,81,0.0,1558.0,0.0,0.0,0,5.0,1.0
609,107139,2894596,5.0,1,51,0.0,1092.0,0.0,0.0,0,1.0,0.2
610,22486,2418218,0.0,0,210,0.0,3740.0,0.0,0.0,0,5.0,1.0
611,32707,2294115,0.0,0,18,0.0,255.0,0.0,0.0,0,5.0,1.4
612,2215,3048359,0.0,0,84,0.0,1980.0,0.0,0.0,0,5.0,1.05
613,28046,2625538,5.0,1,33,500.0,770.0,5.661324114034347,0.22594621974741386,4,1.0,0.2
614,191912,2953816,2.0,1,78,0.0,1066.0,0.0,0.0,0,1.0,0.5
615,125341,2326565,0.0,0,116,0.0,1736.0,0.0,0.0,0,5.0,1.2
616,8590,2437597,0.0,0,184,0.0,3710.0,0.0,0.0,0,5.0,1.0
617,13251,2449807,1.0,1,10080,815.0,121088.0,4.248057550690704,0.23101931337275433,10,1.0,0.6000000000000001
618,418892,2212138,0.0,0,24,0.0,540.0,0.0,0.0,0,5.0,1.1833333333333333
619,101943,2890721,5.0,1,48,0.0,630.0,0.0,0.0,0,1.0,0.2
620,1748555,2675976,0.0,0,24,0.0,450.0,0.0,0.0,0,7.0,1.4
621,19575,2538821,5.0,1,324,125.0,5934.0,0.33575956834390847,0.012207837505974602,1,1.0,0.2
622,2004018,2152757,0.0,0,60,0.0,780.0,0.0,0.0,0,5.0,1.0
623,47504,3009472,0.0,0,92,0.0,1840.0,0.0,0.0,0,inf,inf
624,177550,2472494,0.0,0,57,0.0,1365.0,0.0,0.0,0,5.0,1.0
625,41004,2699228,5.0,1,126,0.0,2727.0,0.0,0.0,0,1.0,0.2
626,49588,2662350,0.0,0,24,0.0,416.0,0.0,0.0,0,7.0,1.5833333333333333
627,449107,2218949,0.0,0,420,0.0,8610.0,0.0,0.0,0,5.0,1.0
628,1012104,2416038,0.0,0,36,0.0,329.0,0.0,0.0,0,9.0,3.0000000000000004
629,21818,2572615,5.0,1,30,0.0,648.0,0.0,0.0,0,1.0,0.2
630,2731,2233086,3.0,1,740,60.0,11340.0,0.8458258116519014,0.06108472217815261,1,1.0,0.3333333333333333
631,1879,2206532,5.0,1,875,80.0,18525.0,3.086066999241838,0.1543033499620919,1,1.0,0.2
632,15468,2481287,5.0,1,60,0.0,880.0,0.0,0.0,0,1.0,0.2
633,47937,2146185,0.0,0,27,0.0,330.0,0.0,0.0,0,5.0,1.5833333333333333
634,239825,2749047,0.0,0,28,0.0,594.0,0.0,0.0,0,5.0,1.05
635,8551,2364115,5.0,1,27,0.0,600.0,0.0,0.0,0,1.0,0.2
636,143010,2657299,0.0,0,27,0.0,528.0,0.0,0.0,0,7.0,1.4
637,74121,3124509,0.0,0,72,0.0,1410.0,0.0,0.0,0,7.0,1.45
638,2244,2218069,5.0,1,200,0.0,2976.0,0.0,0.0,0,1.0,0.2
639,13872,2460237,3.0,1,60,0.0,936.0,0.0,0.0,0,1.0,0.3333333333333333
640,713134,2596249,0.0,0,21,0.0,340.0,0.0,0.0,0,5.0,1.0
641,15919,2487843,4.0,1,400,0.0,7980.0,0.0,0.0,0,1.0,0.25
642,117,2150179,5.0,1,120,0.0,2538.0,0.0,0.0,0,1.0,0.2
643,4888,2377259,0.0,0,168,0.0,1344.0,0.0,0.0,0,5.0,1.1333333333333333
644,24494,2603541,5.0,1,60,0.0,1105.0,0.0,0.0,0,1.0,0.2
645,1400623,2564615,0.0,0,12,0.0,260.0,0.0,0.0,0,5.0,1.0
646,1744054,2211309,0.0,0,21,0.0,225.0,0.0,0.0,0,5.0,1.4
647,6978,2330846,1.0,1,259,0.0,3276.0,0.0,0.0,0,1.0,1.0
648,1171952,2433483,0.0,0,30,0.0,476.0,0.0,0.0,0,7.0,1.45
649,1911,2207792,5.0,1,550,0.0,9592.0,0.0,0.0,0,1.0,0.2
650,1746782,2151987,0.0,0,24,0.0,396.0,0.0,0.0,0,5.0,1.0
651,1028,2180998,1.0,1,780,0.0,16060.0,0.0,0.0,0,1.0,1.0
652,23513,2592131,4.0,1,40,0.0,779.0,0.0,0.0,0,1.0,0.25
653,368294,2645479,0.0,0,32,0.0,665.0,0.0,0.0,0,5.0,1.0
654,15548,2482015,4.0,1,618,600.0,10425.0,2.418222741342484,0.10685716741888832,6,1.0,0.25
655,62923,2350473,0.0,0,60,0.0,858.0,0.0,0.0,0,5.0,1.0999999999999999
656,111421,2253150,0.0,0,96,0.0,1870.0,0.0,0.0,0,5.0,1.0
657,9958,2387719,5.0,1,240,429.0,4392.0,0.937665482721024,0.04651778502242501,5,1.0,0.2
658,6768,2326965,4.0,1,368,0.0,6480.0,0.0,0.0,0,1.0,0.25
659,84,2149117,3.0,1,1242,375.0,16072.0,3.564946322738584,0.14537916471736645,5,1.0,0.3333333333333333
660,13702,2456988,5.0,1,882,0.0,18150.0,0.0,0.0,0,1.0,0.2
661,471663,2717541,0.0,0,21,0.0,490.0,0.0,0.0,0,7.0,1.45
662,5685,2932316,0.0,0,180,0.0,3152.0,0.0,0.0,0,5.0,1.0
663,469933,2737525,0.0,0,15,0.0,234.0,0.0,0.0,0,7.0,1.4
664,1732752,2182713,0.0,0,244,0.0,1602.0,0.0,0.0,0,5.0,1.05
665,1156162,2472446,0.0,0,12,0.0,234.0,0.0,0.0,0,5.0,1.05
666,5016,2292426,5.0,1,535,125.0,12768.0,0.5252100840336135,0.02040816326530612,1,1.0,0.2
667,3848,2263620,4.0,1,23560,720.0,391400.0,1.9333244518843504,0.1205038811057771,12,1.0,0.25
668,696841,2718469,0.0,0,15,0.0,288.0,0.0,0.0,0,5.0,1.05
669,70573,2389090,0.0,0,120,0.0,1927.0,0.0,0.0,0,5.0,1.1833333333333333
670,1134016,2377576,0.0,0,42,0.0,930.0,0.0,0.0,0,5.0,1.0
671,349005,2297940,0.0,0,87,0.0,1596.0,0.0,0.0,0,5.0,1.0
672,26378,2146532,0.0,0,440,0.0,4180.0,0.0,0.0,0,5.0,1.1333333333333333
673,50650,2440485,0.0,0,300,0.0,4402.0,0.0,0.0,0,7.0,1.5499999999999998
674,18254,2521863,5.0,1,606,0.0,13350.0,0.0,0.0,0,1.0,0.2
675,112583,3061192,0.0,0,35,0.0,630.0,0.0,0.0,0,7.0,1.7999999999999998
676,73790,2998444,0.0,0,24,0.0,312.0,0.0,0.0,0,7.0,2.2
677,895,2176738,4.0,1,5565,1558.0,104652.0,18.18549318963741,0.896951385893021,24,1.0,0.25
678,232047,2412284,0.0,0,21,0.0,225.0,0.0,0.0,0,7.0,1.7999999999999998
679,245955,2327803,0.0,0,24,0.0,468.0,0.0,0.0,0,5.0,1.0
680,20914,2559024,5.0,1,552,0.0,10920.0,0.0,0.0,0,1.0,0.2
681,63907,2536218,0.0,0,75,0.0,1425.0,0.0,0.0,0,5.0,1.0
682,772840,2227332,0.0,0,33,0.0,480.0,0.0,0.0,0,5.0,1.1
683,104901,2572929,0.0,0,20,0.0,391.0,0.0,0.0,0,5.0,1.05
684,45867,2727642,4.0,1,275,2354.0,4680.0,16.778590946019737,0.8269013020151806,30,1.0,0.25
685,2099032,2607793,0.0,0,18,0.0,375.0,0.0,0.0,0,7.0,1.4
686,671,2169219,4.0,1,27,0.0,588.0,0.0,0.0,0,1.0,0.25
687,59019,2776237,4.0,1,329,0.0,6766.0,0.0,0.0,0,1.0,0.25
688,8651,2365893,5.0,1,813,104.0,15722.0,1.1718934685215197,0.055241707345142964,2,1.0,0.2
689,1869974,2583555,0.0,0,15,0.0,375.0,0.0,0.0,0,7.0,1.4
690,111030,2583320,0.0,0,20,0.0,414.0,0.0,0.0,0,5.0,1.2333333333333334
691,85362,2279577,0.0,0,18,0.0,378.0,0.0,0.0,0,5.0,1.05
692,28575,2628494,5.0,1,141,0.0,3090.0,0.0,0.0,0,1.0,0.2
693,1254283,2335464,0.0,0,16,0.0,306.0,0.0,0.0,0,7.0,1.5333333333333332
694,236863,2369460,0.0,0,33,0.0,390.0,0.0,0.0,0,5.0,1.1333333333333333
695,524,2163037,4.0,1,60,0.0,840.0,0.0,0.0,0,1.0,0.25
696,53730,2927498,0.0,0,52,0.0,980.0,0.0,0.0,0,inf,inf
697,450432,2399135,0.0,0,12,0.0,240.0,0.0,0.0,0,5.0,1.05
698,3740,2260983,4.0,1,12,0.0,160.0,0.0,0.0,0,1.0,0.25
699,68013,2806194,4.0,1,12,0.0,221.0,0.0,0.0,0,1.0,0.25
700,137052,2616536,0.0,0,9,0.0,180.0,0.0,0.0,0,7.0,1.6999999999999997
701,14923,2473515,3.0,1,105,0.0,1370.0,0.0,0.0,0,1.0,0.3333333333333333
702,1691520,2191792,0.0,0,120,0.0,1106.0,0.0,0.0,0,5.0,1.0
703,50248,3124520,0.0,0,24,0.0,510.0,0.0,0.0,0,inf,inf
704,24517,2428003,0.0,0,44,0.0,1060.0,0.0,0.0,0,5.0,1.0
705,196474,2590264,0.0,0,48,0.0,765.0,0.0,0.0,0,7.0,1.4
706,120460,2904389,5.0,1,20,0.0,432.0,0.0,0.0,0,1.0,0.2
707,79369,2194852,0.0,0,54,0.0,936.0,0.0,0.0,0,5.0,1.15
708,126653,2568771,0.0,0,24,0.0,374.0,0.0,0.0,0,5.0,1.05
709,133582,2778056,0.0,0,12,0.0,96.0,0.0,0.0,0,7.0,2.3499999999999996
710,1488,2195783,4.0,1,308,0.0,4410.0,0.0,0.0,0,1.0,0.25
711,44771,2242273,0.0,0,64,0.0,896.0,0.0,0.0,0,5.0,1.2833333333333332
712,134178,2485632,0.0,0,12,0.0,128.0,0.0,0.0,0,7.0,1.45
713,48607,2740381,5.0,1,243,0.0,4236.0,0.0,0.0,0,1.0,0.2
714,1667873,2268095,0.0,0,32,0.0,336.0,0.0,0.0,0,5.0,1.0
715,138081,2909144,0.0,0,15,0.0,240.0,0.0,0.0,0,7.0,1.5833333333333333
716,51556,2751132,5.0,1,15,0.0,312.0,0.0,0.0,0,1.0,0.2
717,29795,2638077,3.0,1,5960,160.0,114296.0,0.3309185768044803,0.017463950075731687,2,1.0,0.3333333333333333
718,27508,2622204,1.0,1,28,0.0,168.0,0.0,0.0,0,1.0,1.0
719,1222807,2150503,0.0,0,249,225.0,4771.0,0.07247856907179588,0.002719275067793503,2,3.0,0.6000000000000001
720,9190,2375419,5.0,1,35,0.0,805.0,0.0,0.0,0,1.0,0.2
721,18311,2522521,4.0,1,280,60.0,3128.0,0.047059278556065426,0.005400546247199527,2,1.0,0.25
722,206413,2281659,0.0,0,15,48.0,210.0,0.12086309822855947,0.01075828707279838,1,3.0,0.8333333333333333
723,77658,2256439,0.0,0,114,0.0,2370.0,0.0,0.0,0,5.0,1.05
724,154258,3028088,0.0,0,12,0.0,224.0,0.0,0.0,0,7.0,1.4
725,3509,2252539,5.0,1,216,0.0,4392.0,0.0,0.0,0,1.0,0.2
726,206821,2281025,0.0,0,15,0.0,250.0,0.0,0.0,0,5.0,1.0
727,247347,2634722,0.0,0,9,0.0,154.0,0.0,0.0,0,7.0,1.45
728,22390,2579011,5.0,1,80,0.0,1720.0,0.0,0.0,0,1.0,0.2
729,11068,2413021,5.0,1,66,0.0,1125.0,0.0,0.0,0,1.0,0.2
730,1137580,2438762,0.0,0,24,0.0,330.0,0.0,0.0,0,5.0,1.2833333333333332
731,62437,2662232,0.0,0,90,0.0,2100.0,0.0,0.0,0,5.0,1.0
732,28568,2733101,0.0,0,42,0.0,930.0,0.0,0.0,0,5.0,1.0
733,1886462,2927726,0.0,0,12,0.0,255.0,0.0,0.0,0,inf,inf
734,47657,2736100,5.0,1,402,125.0,9690.0,0.8589696016174319,0.032009219983223994,1,1.0,0.2
735,9264,2377066,4.0,1,2224,125.0,44688.0,0.6570761766811121,0.026046613053531162,1,1.0,0.25
736,22175,2576002,5.0,1,2067,0.0,46260.0,0.0,0.0,0,1.0,0.2
737,97248,2885046,5.0,1,12,0.0,140.0,0.0,0.0,0,1.0,0.2
738,73408,3298920,0.0,0,35,0.0,175.0,0.0,0.0,0,inf,inf
739,12058,2429744,5.0,1,3465,325.0,77784.0,3.1640075581227003,0.12847905917795968,3,1.0,0.2
740,28095,2625987,5.0,1,36,275.0,820.0,0.772624865863208,0.0318240015692618,3,1.0,0.2
741,85261,2569267,0.0,0,115,0.0,1820.0,0.0,0.0,0,5.0,1.1
742,110732,2226703,0.0,0,21,0.0,442.0,0.0,0.0,0,5.0,1.0
743,61103,2782925,4.0,1,2550,0.0,49272.0,0.0,0.0,0,1.0,0.25
744,121840,2392928,0.0,0,21,0.0,324.0,0.0,0.0,0,5.0,1.05
745,5161,2747756,0.0,0,72,0.0,899.0,0.0,0.0,0,5.0,1.1333333333333333
746,7122,2333703,4.0,1,33,0.0,423.0,0.0,0.0,0,1.0,0.25
747,91153,2175844,0.0,0,126,0.0,1089.0,0.0,0.0,0,5.0,1.1333333333333333
748,62506,2934641,0.0,0,55,0.0,1200.0,0.0,0.0,0,7.0,1.55
749,7887,2349431,5.0,1,318,0.0,7725.0,0.0,0.0,0,1.0,0.2
750,3771,2261287,5.0,1,885,240.0,16317.0,0.7824127429098042,0.043020630547908986,3,1.0,0.2
751,46403,2519921,0.0,0,12,0.0,300.0,0.0,0.0,0,7.0,1.4
752,926683,2452502,0.0,0,27,0.0,444.0,0.0,0.0,0,5.0,1.1
753,24027,2274234,0.0,0,84,0.0,969.0,0.0,0.0,0,5.0,1.1333333333333333
754,45038,2723251,5.0,1,237,0.0,5925.0,0.0,0.0,0,1.0,0.2
755,1921179,2175753,0.0,0,80,0.0,1425.0,0.0,0.0,0,5.0,1.1
756,1936334,2826744,0.0,0,9,0.0,225.0,0.0,0.0,0,7.0,1.4
757,2615,2228952,4.0,1,34551,3230.0,442093.0,13.468188621298493,1.081601349380034,54,1.0,0.25
758,2403,2224726,5.0,1,310,1809.0,5922.0,7.8019856677549315,0.42853883360010764,19,1.0,0.2
759,1142,2185091,5.0,1,11231,563.0,259324.0,2.409980571536665,0.11803887482757823,7,1.0,0.2
760,4492,2281485,4.0,1,4484,742.0,92966.0,5.836365822552106,0.2840911139237344,9,1.0,0.25
761,8348,2359015,5.0,1,300,415.0,4980.0,4.554770422973108,0.17604382783891126,4,1.0,0.2
762,350414,2773058,0.0,0,27,0.0,420.0,0.0,0.0,0,7.0,1.5499999999999998
763,1121,2183546,3.0,1,6045,2733.0,66744.0,7.696112463547478,0.7375889320001751,54,1.0,0.3333333333333333
764,16268,2493566,4.0,1,243,228.0,4838.0,1.593642581534151,0.12270717917994961,4,1.0,0.25
765,68754,2511750,0.0,0,48,0.0,810.0,0.0,0.0,0,5.0,1.0
766,17780,2515438,2.0,1,2008,0.0,25170.0,0.0,0.0,0,1.0,0.5
767,89076,2863290,3.0,1,16,0.0,216.0,0.0,0.0,0,1.0,0.3333333333333333
768,2521,2226853,5.0,1,42,0.0,952.0,0.0,0.0,0,1.0,0.2
769,132296,2425235,0.0,0,30,0.0,570.0,0.0,0.0,0,5.0,1.0
770,1958,2209623,4.0,1,510,0.0,9936.0,0.0,0.0,0,1.0,0.25
771,10752,2408408,5.0,1,237,0.0,5175.0,0.0,0.0,0,1.0,0.2
772,3570,2254331,5.0,1,616,2300.0,9520.0,36.959407308449826,1.4237166727985289,19,1.0,0.2
773,16791,2500377,3.0,1,600,0.0,7990.0,0.0,0.0,0,1.0,0.3333333333333333
774,17774,2417292,0.0,0,48,0.0,980.0,0.0,0.0,0,5.0,1.1333333333333333
775,66554,2801298,1.0,1,822,0.0,5270.0,0.0,0.0,0,1.0,1.0
776,1703937,2735621,0.0,0,45,0.0,204.0,0.0,0.0,0,5.0,2.1166666666666667
777,4308,2276922,4.0,1,1465,0.0,30936.0,0.0,0.0,0,1.0,0.25
778,101227,2428712,0.0,0,12,0.0,198.0,0.0,0.0,0,5.0,1.0
779,16223,2492754,5.0,1,130,0.0,2700.0,0.0,0.0,0,1.0,0.2
780,103164,2348888,0.0,0,12,0.0,228.0,0.0,0.0,0,5.0,1.0
781,503607,2174737,0.0,0,24,0.0,234.0,0.0,0.0,0,7.0,1.6666666666666665
782,73213,2728734,0.0,0,36,0.0,720.0,0.0,0.0,0,5.0,1.0
783,524829,2307449,0.0,0,21,0.0,450.0,0.0,0.0,0,7.0,1.4
784,30963,2644849,2.0,1,1416,0.0,15829.0,0.0,0.0,0,1.0,0.5
785,1422214,2218330,0.0,0,88,0.0,1617.0,0.0,0.0,0,5.0,1.05
786,8758,2367634,4.0,1,3436,40584.0,50400.0,36.864980397186635,2.175603695187479,515,1.0,0.25
787,139560,2921301,1.0,1,18,0.0,260.0,0.0,0.0,0,1.0,1.0
788,5054,2293218,3.0,1,135,0.0,2645.0,0.0,0.0,0,1.0,0.3333333333333333
789,13638,2455966,2.0,1,720,48.0,8058.0,2.427464339636033,0.22360679774997896,1,1.0,0.5
790,14458,2467873,4.0,1,63,0.0,770.0,0.0,0.0,0,1.0,0.25
791,1016945,3140672,0.0,0,9,0.0,135.0,0.0,0.0,0,9.0,1.9
792,163074,2893855,0.0,0,12,0.0,255.0,0.0,0.0,0,7.0,1.45
793,8252,2356274,5.0,1,4617,3547.0,70625.0,14.22556750707541,0.768524499750842,52,1.0,0.2
794,150188,2467822,0.0,0,12,0.0,198.0,0.0,0.0,0,5.0,1.1833333333333333
795,4445,2280558,5.0,1,54,32.0,1106.0,0.08854114595846059,0.010485729457933805,1,1.0,0.2
796,186262,2749570,0.0,0,15,0.0,210.0,0.0,0.0,0,5.0,1.05
797,43975,2715689,1.0,1,216,0.0,3432.0,0.0,0.0,0,1.0,1.0
798,27728,2623892,5.0,1,4434,0.0,92148.0,0.0,0.0,0,1.0,0.2
799,4522,2282074,5.0,1,1953,0.0,39440.0,0.0,0.0,0,1.0,0.2
800,42654,2708444,5.0,1,3786,0.0,81074.0,0.0,0.0,0,1.0,0.2
801,10758,2408436,5.0,1,240,505.0,5168.0,10.551919290679596,0.5455082286375096,6,1.0,0.2
802,23416,2412102,0.0,0,12,0.0,182.0,0.0,0.0,0,7.0,1.5
803,1503434,2170373,0.0,0,45,0.0,1080.0,0.0,0.0,0,5.0,1.0
804,1615778,3011643,0.0,0,9,0.0,195.0,0.0,0.0,0,7.0,1.6833333333333333
805,2430,2225295,3.0,1,60,0.0,1058.0,0.0,0.0,0,1.0,0.3333333333333333
806,366210,2832214,0.0,0,35,0.0,768.0,0.0,0.0,0,7.0,1.45
807,96194,2739538,0.0,0,12,0.0,300.0,0.0,0.0,0,5.0,1.0
808,7388,2339264,5.0,1,66,0.0,1358.0,0.0,0.0,0,1.0,0.2
809,26,2568572,0.0,0,123,0.0,2310.0,0.0,0.0,0,5.0,1.1
810,14358,2466346,5.0,1,1890,0.0,36648.0,0.0,0.0,0,1.0,0.2
811,9036,2372725,5.0,1,468,0.0,10300.0,0.0,0.0,0,1.0,0.2
812,67216,2803772,5.0,1,3372,0.0,67320.0,0.0,0.0,0,1.0,0.2
813,25536,2610079,5.0,1,950,250.0,20350.0,1.6457222422943185,0.06011695051746964,2,1.0,0.2
814,7132,2333956,5.0,1,5712,0.0,88434.0,0.0,0.0,0,1.0,0.2
815,52582,2753967,5.0,1,36,0.0,660.0,0.0,0.0,0,1.0,0.2
816,1749562,2414532,0.0,0,99,0.0,2355.0,0.0,0.0,0,5.0,1.0
817,1924699,2640179,0.0,0,12,0.0,160.0,0.0,0.0,0,5.0,1.2333333333333334
818,92068,2521802,0.0,0,36,0.0,754.0,0.0,0.0,0,5.0,1.0
819,6954,2330574,3.0,1,90,0.0,1386.0,0.0,0.0,0,1.0,0.3333333333333333
820,1294,2190773,5.0,1,7332,3644.0,126170.0,5.9833652702599895,0.29176976755688555,40,1.0,0.2
821,277413,2370368,0.0,0,15,0.0,270.0,0.0,0.0,0,7.0,1.4
822,50892,2250939,0.0,0,18,0.0,364.0,0.0,0.0,0,5.0,1.05
823,847225,2200372,0.0,0,81,0.0,1950.0,0.0,0.0,0,5.0,1.0
824,3275,2245723,4.0,1,70,0.0,688.0,0.0,0.0,0,1.0,0.25
825,7837,2348584,4.0,1,155,48.0,2079.0,0.05944446800735914,0.005343088030312512,1,1.0,0.25
826,21098,2229875,0.0,0,9,0.0,195.0,0.0,0.0,0,5.0,1.05
827,53284,2756030,5.0,1,27,0.0,574.0,0.0,0.0,0,1.0,0.2
828,1285636,2355509,0.0,0,60,0.0,1350.0,0.0,0.0,0,5.0,1.0
829,1694022,2433410,0.0,0,24,0.0,370.0,0.0,0.0,0,5.0,1.1833333333333331
830,844,2174860,5.0,1,1280,1560.0,28278.0,19.014422205340665,0.9040698661402405,16,1.0,0.2
831,188068,2569742,0.0,0,20,0.0,340.0,0.0,0.0,0,5.0,1.05
832,1516150,2238486,0.0,0,18,0.0,322.0,0.0,0.0,0,7.0,1.4
833,49367,2416264,0.0,0,35,0.0,560.0,0.0,0.0,0,5.0,1.0
834,3825,2262393,5.0,1,104,186.0,1725.0,0.46540304786299647,0.033948053242474636,3,1.0,0.2
835,3746,2261046,1.0,1,60,0.0,777.0,0.0,0.0,0,1.0,1.0
836,618676,2449141,0.0,0,21,0.0,319.0,0.0,0.0,0,5.0,1.4
837,45435,2379691,0.0,0,80,0.0,920.0,0.0,0.0,0,5.0,1.1333333333333333
838,46067,2728553,5.0,1,609,0.0,12120.0,0.0,0.0,0,1.0,0.2
839,13334,2451865,1.0,1,437,0.0,4620.0,0.0,0.0,0,1.0,1.0
840,9963,2411593,0.0,0,116,0.0,2560.0,0.0,0.0,0,5.0,1.0
841,273952,2531426,0.0,0,16,0.0,272.0,0.0,0.0,0,7.0,1.4
842,48297,2738801,3.0,1,200,0.0,3565.0,0.0,0.0,0,1.0,0.3333333333333333
843,141555,2163942,0.0,0,12,0.0,192.0,0.0,0.0,0,5.0,1.1833333333333333
844,3541,2253811,5.0,1,3744,60.0,65232.0,0.8124444637023875,0.05698028822981897,1,1.0,0.2
845,53542,2757034,4.0,1,140,0.0,2254.0,0.0,0.0,0,1.0,0.25
846,76320,3003607,0.0,0,9,0.0,126.0,0.0,0.0,0,inf,inf
847,16896,2501343,1.0,1,429,0.0,3941.0,0.0,0.0,0,1.0,1.0
848,2012192,2338340,0.0,0,235,0.0,5625.0,0.0,0.0,0,5.0,1.0
849,77810,2834214,1.0,1,42,0.0,400.0,0.0,0.0,0,1.0,1.0
850,69120,2810063,4.0,1,32,0.0,468.0,0.0,0.0,0,1.0,0.25
851,530058,2314657,0.0,0,108,0.0,2394.0,0.0,0.0,0,5.0,1.4999999999999998
852,96077,2464333,0.0,0,648,0.0,10560.0,0.0,0.0,0,5.0,1.0999999999999999
853,172577,2278003,0.0,0,186,0.0,3332.0,0.0,0.0,0,5.0,1.0
854,180689,2945613,4.0,1,20,0.0,312.0,0.0,0.0,0,1.0,0.25
855,22255,2577531,4.0,1,80,210.0,1344.0,2.8584528710474104,0.16274542206611908,3,1.0,0.25
856,11544,2419629,5.0,1,414,0.0,8568.0,0.0,0.0,0,1.0,0.2
857,47697,2736278,5.0,1,28,0.0,455.0,0.0,0.0,0,1.0,0.2
858,4147,2273416,4.0,1,42,0.0,868.0,0.0,0.0,0,1.0,0.25
859,11265,3037247,0.0,0,129,0.0,2850.0,0.0,0.0,0,5.0,1.4
860,1312473,2547645,0.0,0,18,0.0,450.0,0.0,0.0,0,5.0,1.0
861,252415,2311245,0.0,0,30,0.0,308.0,0.0,0.0,0,5.0,1.1333333333333333
862,374497,2367124,0.0,0,217,0.0,4590.0,0.0,0.0,0,5.0,1.0
863,119128,2201659,0.0,0,9,0.0,210.0,0.0,0.0,0,5.0,1.1833333333333333
864,62134,2785892,4.0,1,24,0.0,494.0,0.0,0.0,0,1.0,0.25
865,5346,2298648,4.0,1,1872,56.0,23112.0,0.13787514229629477,0.0180406192682761,2,1.0,0.25
866,1429,2193959,4.0,1,558,192.0,9360.0,0.36512399782188176,0.024698250062591378,3,1.0,0.25
867,43028,2168921,0.0,0,25,0.0,462.0,0.0,0.0,0,5.0,1.05
868,758,2171722,2.0,1,108,0.0,2255.0,0.0,0.0,0,1.0,0.5
869,459832,2168655,0.0,0,36,0.0,360.0,0.0,0.0,0,5.0,1.2999999999999998
870,3102,2241314,5.0,1,847,2055.0,16524.0,14.962523561277592,0.7435807238134944,22,1.0,0.2
871,65817,2798244,5.0,1,128,0.0,1980.0,0.0,0.0,0,1.0,0.2
872,4875,2288565,4.0,1,220,86.0,2760.0,0.2146183423193818,0.027625106250119557,3,1.0,0.25
873,8320,2358496,5.0,1,3153,500.0,65481.0,2.1423901727561487,0.07991432344394107,4,1.0,0.2
874,3407,2248875,4.0,1,12288,75.0,270465.0,0.4294487507354011,0.022338352580438516,1,1.0,0.25
875,36554,2676922,5.0,1,933,300.0,16905.0,6.459861762916587,0.28441600608360623,3,1.0,0.2
876,331068,2634530,0.0,0,16,0.0,360.0,0.0,0.0,0,5.0,1.0
877,19323,2536104,5.0,1,35,0.0,672.0,0.0,0.0,0,1.0,0.2
878,8900,2370591,5.0,1,1036,1678.0,17604.0,15.828639004746526,0.9565929812453308,26,1.0,0.2
879,7919,2351739,5.0,1,112,0.0,2470.0,0.0,0.0,0,1.0,0.2
880,3481,2262727,0.0,0,51,0.0,816.0,0.0,0.0,0,5.0,1.1333333333333333
881,13852,2460037,5.0,1,609,160.0,12510.0,2.371375071067393,0.08588150310515316,2,1.0,0.2
882,1755920,2427402,0.0,0,51,0.0,1140.0,0.0,0.0,0,5.0,1.0
883,716135,2417256,0.0,0,25,0.0,475.0,0.0,0.0,0,5.0,1.0
884,522,2162958,5.0,1,22148,1210.0,473496.0,5.926757662279215,0.2563524960806408,13,1.0,0.2
885,5715,2305860,3.0,1,1640,100.0,32041.0,0.3352761129911376,0.015233922889093811,1,1.0,0.3333333333333333
886,235448,2333997,0.0,0,9,0.0,156.0,0.0,0.0,0,5.0,1.0999999999999999
887,29381,2634602,5.0,1,100,0.0,1989.0,0.0,0.0,0,1.0,0.2
888,220589,2749890,0.0,0,12,0.0,270.0,0.0,0.0,0,5.0,1.3499999999999999
889,1386887,2169840,0.0,0,255,0.0,4620.0,0.0,0.0,0,5.0,1.0
890,2204,2215409,5.0,1,120,0.0,2134.0,0.0,0.0,0,1.0,0.2
891,44,2148043,5.0,1,87,0.0,1830.0,0.0,0.0,0,1.0,0.2
892,105825,2727591,0.0,0,9,0.0,195.0,0.0,0.0,0,7.0,1.4
893,1474527,2396451,0.0,0,16,0.0,320.0,0.0,0.0,0,7.0,1.4
894,36183,2674928,4.0,1,2292,700.0,42938.0,2.996613459992953,0.13530369262775183,8,1.0,0.25
895,21082,2563117,2.0,1,391,0.0,5292.0,0.0,0.0,0,1.0,0.5
896,1796912,2215384,0.0,0,27,0.0,630.0,0.0,0.0,0,5.0,1.0
897,2097120,2348921,0.0,0,162,0.0,2346.0,0.0,0.0,0,5.0,1.0
898,180495,2394577,0.0,0,20,0.0,399.0,0.0,0.0,0,5.0,1.0
899,2076466,2294710,0.0,0,80,0.0,1548.0,0.0,0.0,0,5.0,1.0
900,3736,2260929,4.0,1,1476,1925.0,18483.0,19.652976333260845,1.7401927227862906,40,1.0,0.25
901,35108,2668303,4.0,1,156,0.0,2926.0,0.0,0.0,0,1.0,0.25
902,9039,2372756,3.0,1,1464,100.0,19236.0,0.13322431163816736,0.00624621925365186,1,1.0,0.3333333333333333
903,64475,2792573,2.0,1,21,0.0,209.0,0.0,0.0,0,1.0,0.5
904,67090,2321271,0.0,0,69,0.0,1218.0,0.0,0.0,0,5.0,1.05
905,11800,2423267,5.0,1,474,0.0,10800.0,0.0,0.0,0,1.0,0.2
906,2734,2233145,4.0,1,147,0.0,2556.0,0.0,0.0,0,1.0,0.25
907,612780,2165494,0.0,0,174,8.0,654.0,0.009250428122249948,0.004225092295508593,1,3.0,1.75
908,3726,2260720,5.0,1,444,40.0,8664.0,0.1780117642961781,0.01818181818181818,1,1.0,0.2
909,20932,2161031,0.0,0,800,0.0,15416.0,0.0,0.0,0,5.0,1.0
910,4863,2288373,5.0,1,2380,3834.0,49966.0,27.846746483694567,1.2783637881260919,40,1.0,0.2
911,17527,2512743,5.0,1,117,0.0,2130.0,0.0,0.0,0,1.0,0.2
912,36894,2231235,0.0,0,33,0.0,637.0,0.0,0.0,0,7.0,1.4
913,94859,2278617,0.0,0,120,0.0,2247.0,0.0,0.0,0,5.0,1.0
914,73277,2500103,0.0,0,25,0.0,550.0,0.0,0.0,0,7.0,1.4
915,1972698,2632841,0.0,0,36,0.0,750.0,0.0,0.0,0,5.0,1.05
916,2561,2227840,5.0,1,364,665.0,7930.0,5.54192125495789,0.23833304370634642,7,1.0,0.2
917,48872,2741398,5.0,1,44,0.0,1100.0,0.0,0.0,0,1.0,0.2
918,2035086,2872780,0.0,0,28,0.0,414.0,0.0,0.0,0,5.0,1.05
919,88503,2375299,0.0,0,186,80.0,3445.0,0.3719844011611991,0.02156655464068768,1,3.0,0.7
920,60612,2781276,1.0,1,189,20.0,2403.0,0.02830182382121677,0.005112565306249343,1,1.0,1.0
921,1166226,2984742,0.0,0,20,0.0,400.0,0.0,0.0,0,7.0,1.4
922,4187,2274502,5.0,1,66,0.0,1140.0,0.0,0.0,0,1.0,0.2
923,1017,2180704,1.0,1,7313,311.0,104512.0,1.1512020242352512,0.10312176590976614,7,1.0,0.7
924,364904,3023288,4.0,1,15,0.0,288.0,0.0,0.0,0,1.0,0.25
925,59136,2776568,4.0,1,765,0.0,13221.0,0.0,0.0,0,1.0,0.25
926,1101872,2519481,0.0,0,16,0.0,260.0,0.0,0.0,0,5.0,1.15
927,3552,2254005,5.0,1,660,406.0,9163.0,0.5117429093568615,0.035210198118083576,6,1.0,0.2
928,3358,2247353,5.0,1,2052,164.0,43146.0,0.8974721664219822,0.04674700963709704,2,1.0,0.2
929,941991,3236943,0.0,0,28,0.0,266.0,0.0,0.0,0,7.0,2.15
930,504455,2336614,0.0,0,18,0.0,450.0,0.0,0.0,0,7.0,1.4
931,540,2163325,2.0,1,1728,100.0,30514.0,0.6154574548966636,0.027842302319485226,1,1.0,0.5
932,7690,2346004,4.0,1,9295,5704.0,179291.0,6.594519247227118,0.3155198823490704,62,1.0,0.25
933,172742,2786824,0.0,0,16,0.0,380.0,0.0,0.0,0,7.0,1.4
934,1626367,2468522,0.0,0,18,0.0,232.0,0.0,0.0,0,5.0,1.05
935,14442,2338951,0.0,0,155,0.0,3875.0,0.0,0.0,0,5.0,1.0
936,34166,2662234,5.0,1,1022,15.0,19072.0,0.006829071865238509,0.0018383036254991287,1,1.0,0.2
937,15953,2489039,3.0,1,3138,15196.0,39432.0,13.27212644049847,0.6970038947557875,177,1.0,0.3333333333333333
938,2938,2238426,5.0,1,196,390.0,3610.0,1.1507024305683973,0.05575389828169057,4,1.0,0.2
939,1861649,2650781,0.0,0,12,0.0,300.0,0.0,0.0,0,7.0,1.4
940,46049,2728472,5.0,1,234,0.0,5133.0,0.0,0.0,0,1.0,0.2
941,7390,2339281,5.0,1,171,0.0,3290.0,0.0,0.0,0,1.0,0.2
942,947376,2305188,0.0,0,16,0.0,300.0,0.0,0.0,0,7.0,1.45
943,67473,3256222,0.0,0,152,0.0,3320.0,0.0,0.0,0,11.0,2.25
944,1198365,2909188,0.0,0,9,0.0,135.0,0.0,0.0,0,7.0,1.5
945,46663,2731563,4.0,1,56,0.0,1040.0,0.0,0.0,0,1.0,0.25
946,28601,2628609,5.0,1,32,100.0,800.0,3.2224549634855455,0.1270001270001905,1,1.0,0.2
947,346967,3019520,5.0,1,15,0.0,375.0,0.0,0.0,0,1.0,0.2
948,354458,2301321,0.0,0,16,0.0,228.0,0.0,0.0,0,5.0,1.05
949,16624,2497420,3.0,1,4650,3444.0,66670.0,10.296507405778629,0.6227028412786066,47,1.0,0.3333333333333333
950,1965342,2311226,0.0,0,12,0.0,135.0,0.0,0.0,0,5.0,1.0
951,8971,2371481,3.0,1,1371,978.0,12267.0,4.155819780019076,0.5334981107368052,41,1.0,0.3333333333333333
952,7903,2349680,5.0,1,864,0.0,16200.0,0.0,0.0,0,1.0,0.2
953,10338,2393004,5.0,1,30,0.0,574.0,0.0,0.0,0,1.0,0.2
954,68291,2806984,5.0,1,24,0.0,494.0,0.0,0.0,0,1.0,0.2
955,2745,2233324,4.0,1,2880,75.0,51000.0,0.1573188101446969,0.008049088140271587,1,1.0,0.25
956,2003108,2881184,0.0,0,12,0.0,195.0,0.0,0.0,0,7.0,1.45
957,8139,2354421,4.0,1,100,0.0,2040.0,0.0,0.0,0,1.0,0.25
958,1274230,2287260,0.0,0,28,0.0,435.0,0.0,0.0,0,5.0,1.0
959,13151,2448002,3.0,1,1575,80.0,23283.0,2.405539117297055,0.12126781251816648,1,1.0,0.3333333333333333
960,85,2149151,1.0,1,425,1995.0,5369.0,16.28416183757216,1.5440833755180017,47,1.0,0.7333333333333334
961,16936,2504448,5.0,1,496,125.0,11260.0,0.09674290907080786,0.0032669622021749066,1,1.0,0.2
962,14861,2472239,4.0,1,4720,1085.0,86428.0,6.769027262015429,0.29846680915447105,12,1.0,0.25
963,2623,2229288,5.0,1,9053,11840.0,197316.0,26.745773791206993,1.1443298571669696,117,1.0,0.2
964,6665,2325612,5.0,1,36,0.0,825.0,0.0,0.0,0,1.0,0.2
965,1193724,2681188,0.0,0,30,0.0,435.0,0.0,0.0,0,7.0,1.7166666666666666
966,25382,2609146,5.0,1,445,0.0,11125.0,0.0,0.0,0,1.0,0.2
967,10707,2407546,1.0,1,80,0.0,640.0,0.0,0.0,0,1.0,1.0
968,462889,2934805,0.0,0,15,0.0,195.0,0.0,0.0,0,7.0,1.4
969,1303372,2388464,0.0,0,20,0.0,432.0,0.0,0.0,0,7.0,1.4
970,7530,2341716,5.0,1,24,0.0,560.0,0.0,0.0,0,1.0,0.2
971,6017,2310843,1.0,1,140,100.0,2806.0,2.0286020648339487,0.09759000729485333,1,1.0,0.65
972,20607,2551424,5.0,1,927,985.0,12495.0,2.651363319136361,0.19080978475253071,18,1.0,0.2
973,1759869,2377697,0.0,0,100,0.0,1089.0,0.0,0.0,0,7.0,1.4
974,18983,2531234,5.0,1,3490,250.0,72950.0,6.858612180742256,0.26102074457260754,2,1.0,0.2
975,1028887,2667593,0.0,0,9,0.0,182.0,0.0,0.0,0,5.0,1.1333333333333333
976,147394,2614386,0.0,0,16,0.0,266.0,0.0,0.0,0,5.0,1.05
977,40777,2247352,0.0,0,12,0.0,252.0,0.0,0.0,0,5.0,1.0
978,1667,2200751,5.0,1,455,175.0,6912.0,0.2585533837076368,0.01911691114056959,2,1.0,0.2
979,225991,2824848,0.0,0,66,0.0,1404.0,0.0,0.0,0,5.0,1.0
980,18983,2531414,5.0,1,2094,225.0,37934.0,3.9903484894353998,0.1559204717301272,2,1.0,0.2
981,13030,2445432,4.0,1,68,0.0,1296.0,0.0,0.0,0,1.0,0.25
982,17841,2516880,4.0,1,63,102.0,913.0,0.4021037265047989,0.04127971199504712,3,1.0,0.25
983,1934555,2259870,0.0,0,152,0.0,1730.0,0.0,0.0,0,5.0,1.0
984,131432,3064739,0.0,0,9,0.0,105.0,0.0,0.0,0,7.0,1.45
985,559,2164582,4.0,1,90,0.0,1139.0,0.0,0.0,0,1.0,0.25
986,66767,2289338,0.0,0,244,0.0,4505.0,0.0,0.0,0,5.0,1.0
987,2353,2221456,4.0,1,6908,2004.0,108400.0,4.095463488757833,0.29474298884004047,37,1.0,0.25
988,4979,2291325,1.0,1,121,0.0,1710.0,0.0,0.0,0,1.0,1.0
989,2058,2211934,5.0,1,2958,0.0,58144.0,0.0,0.0,0,1.0,0.2
990,1536418,3026791,0.0,0,12,0.0,208.0,0.0,0.0,0,7.0,1.45
991,99605,3005157,0.0,0,16,0.0,323.0,0.0,0.0,0,inf,inf
992,7533,2341922,2.0,1,9825,1694.0,108030.0,7.128739810004422,0.5110591684121193,42,1.0,0.5
993,1605,2199464,5.0,1,594,125.0,10800.0,0.718818290981619,0.023274703205786385,1,1.0,0.2
994,11561,2419813,3.0,1,240,60.0,3038.0,3.0343304245450415,0.2,1,1.0,0.3333333333333333
995,7323,2338101,4.0,1,360,0.0,6075.0,0.0,0.0,0,1.0,0.25
996,18526,2525125,5.0,1,3874,0.0,75114.0,0.0,0.0,0,1.0,0.2
997,12191,2432544,5.0,1,60,0.0,1140.0,0.0,0.0,0,1.0,0.2
998,435770,3040713,4.0,1,9,0.0,140.0,0.0,0.0,0,1.0,0.25
999,182401,2568517,0.0,0,15,0.0,250.0,0.0,0.0,0,7.0,1.5333333333333332
